{
    "default": null,
    "charMap": {
        "\u0621": "'",
        "\u0622": "\u0100",
        "\u0623": "\u00C2",
        "\u0624": "\u0175",
        "\u0625": "\u0102",
        "\u0626": "\u0177",
        "\u0627": "A",
        "\u0628": "b",
        "\u0629": "\u0127",
        "\u062A": "t",
        "\u062B": "\u03B8",
        "\u062C": "j",
        "\u062D": "H",
        "\u062E": "x",
        "\u062F": "d",
        "\u0630": "\u00F0",
        "\u0631": "r",
        "\u0632": "z",
        "\u0633": "s",
        "\u0634": "\u0161",
        "\u0635": "S",
        "\u0636": "D",
        "\u0637": "T",
        "\u0638": "\u010E",
        "\u0639": "\u03C2",
        "\u063A": "\u03B3",
        "\u0640": "_",
        "\u0641": "f",
        "\u0642": "q",
        "\u0643": "k",
        "\u0644": "l",
        "\u0645": "m",
        "\u0646": "n",
        "\u0647": "h",
        "\u0648": "w",
        "\u0649": "\u00FD",
        "\u064A": "y",
        "\u064B": "\u00E3",
        "\u064C": "\u0169",
        "\u064D": "\u0129",
        "\u064E": "a",
        "\u064F": "u",
        "\u0650": "i",
        "\u0651": "~",
        "\u0652": ".",
        "\u0670": "\u00E1",
        "\u0671": "\u00C4",
        "\u067E": "p",
        "\u0686": "c",
        "\u06A4": "v",
        "\u06AF": "g"
    }
}
