{
    "default": null,
    "charMap": {
        "|": "\u0100",
        ">": "\u00C2",
        "&": "\u0175",
        "<": "\u0102",
        "}": "\u0177",
        "p": "\u0127",
        "v": "\u03B8",
        "*": "\u00F0",
        "$": "\u0161",
        "Z": "\u010E",
        "E": "\u03C2",
        "g": "\u03B3",
        "Y": "\u00FD",
        "F": "\u00E3",
        "N": "\u0169",
        "K": "\u0129",
        "o": ".",
        "`": "\u00E1",
        "{": "\u00C4",
        "P": "p",
        "J": "c",
        "V": "v",
        "G": "g"
    }
}
