{
    "default": null,
    "charMap": {
        "'": "C",
        "\u0100": "M",
        "\u00C2": "O",
        "\u0175": "W",
        "\u0102": "I",
        "\u0177": "Q",
        "\u0127": "p",
        "\u03B8": "v",
        "\u00F0": "V",
        "\u0161": "c",
        "\u010E": "Z",
        "\u03C2": "E",
        "\u03B3": "g",
        "\u00FD": "Y",
        "\u00E3": "F",
        "\u0169": "N",
        "\u0129": "K",
        ".": "o",
        "\u00E1": "e",
        "\u00C4": "L",
        "p": "P",
        "c": "J",
        "v": "B",
        "g": "G"
    }
}
