{
    "default": null,
    "charMap": {
        "C": "'",
        "M": "\u0100",
        "O": "\u00C2",
        "W": "\u0175",
        "I": "\u0102",
        "Q": "\u0177",
        "p": "\u0127",
        "v": "\u03B8",
        "V": "\u00F0",
        "c": "\u0161",
        "Z": "\u010E",
        "E": "\u03C2",
        "g": "\u03B3",
        "Y": "\u00FD",
        "F": "\u00E3",
        "N": "\u0169",
        "K": "\u0129",
        "o": ".",
        "e": "\u00E1",
        "L": "\u00C4",
        "P": "p",
        "J": "c",
        "B": "v",
        "G": "g"
    }
}
