{"tweet_id": "1879625486843678928", "creation_date": "Wed Jan 15 20:23:32 +0000 2025", "text": "زغاريد طالبات جامعة الأزهر فرحا باتفاق وقف الحرب على غزة https://t.co/N2ZtuelgDW", "media_url": ["https://pbs.twimg.com/media/GhXFWIaXYAApGyR.jpg"], "video_url": [{"content_type": "application/x-mpegURL", "url": "https://video.twimg.com/amplify_video/1879625201048039424/pl/9Hq7yKt32gARUXB_.m3u8?tag=14&v=b04"}, {"bitrate": 632000, "content_type": "video/mp4", "url": "https://video.twimg.com/amplify_video/1879625201048039424/vid/avc1/320x400/IhY6tiPx9YUsSdT9.mp4?tag=14"}, {"bitrate": 950000, "content_type": "video/mp4", "url": "https://video.twimg.com/amplify_video/1879625201048039424/vid/avc1/480x600/VP5DPIsQnSd_Pf4O.mp4?tag=14"}, {"bitrate": 2176000, "content_type": "video/mp4", "url": "https://video.twimg.com/amplify_video/1879625201048039424/vid/avc1/720x900/iLMFLG_D9Z89QtvD.mp4?tag=14"}], "user": {"creation_date": "Sun Jan 10 15:18:42 +0000 2010", "user_id": "103591569", "username": "RassdNewsN", "name": "شبكة رصد", "follower_count": 5525225, "following_count": 0, "favourites_count": 15, "is_private": null, "is_verified": false, "is_blue_verified": true, "location": "London, England", "profile_pic_url": "https://pbs.twimg.com/profile_images/1592124121126768641/3uokfhXl_normal.jpg", "profile_banner_url": "https://pbs.twimg.com/profile_banners/103591569/1728473356", "description": "منصة إعلامية مهتمة بالشأن المصري والعربي، تنقل الأخبار لحظة بلحظة وتعمل على إنتاج محتوى خبري، سياسي، اجتماعي منوع.. شعارها.. إعلام الجمهور", "external_url": "https://rassd.com", "number_of_tweets": 549248, "bot": false, "timestamp": 1263136722, "has_nft_avatar": false, "category": null, "default_profile": false, "default_profile_image": false, "listed_count": 7823, "verified_type": null}, "language": "ar", "favorite_count": 17192, "retweet_count": 2923, "reply_count": 125, "quote_count": 152, "retweet": false, "views": 238951, "timestamp": 1736972612, "video_view_count": null, "in_reply_to_status_id": null, "quoted_status_id": null, "binding_values": null, "expanded_url": "https://x.com/RassdNewsN/status/1879625486843678928/video/1", "retweet_tweet_id": null, "extended_entities": {"media": [{"display_url": "pic.x.com/N2ZtuelgDW", "expanded_url": "https://x.com/RassdNewsN/status/1879625486843678928/video/1", "id_str": "1879625201048039424", "indices": [57, 80], "media_key": "13_1879625201048039424", "media_url_https": "https://pbs.twimg.com/media/GhXFWIaXYAApGyR.jpg", "type": "video", "url": "https://t.co/N2ZtuelgDW", "additional_media_info": {"title": "", "description": "", "embeddable": true, "monetizable": false}, "ext_media_availability": {"status": "Available"}, "sizes": {"large": {"h": 1350, "w": 1080, "resize": "fit"}, "medium": {"h": 1200, "w": 960, "resize": "fit"}, "small": {"h": 680, "w": 544, "resize": "fit"}, "thumb": {"h": 150, "w": 150, "resize": "crop"}}, "original_info": {"height": 1350, "width": 1080, "focus_rects": []}, "video_info": {"aspect_ratio": [4, 5], "duration_millis": 30333, "variants": [{"content_type": "application/x-mpegURL", "url": "https://video.twimg.com/amplify_video/1879625201048039424/pl/9Hq7yKt32gARUXB_.m3u8?tag=14&v=b04"}, {"bitrate": 632000, "content_type": "video/mp4", "url": "https://video.twimg.com/amplify_video/1879625201048039424/vid/avc1/320x400/IhY6tiPx9YUsSdT9.mp4?tag=14"}, {"bitrate": 950000, "content_type": "video/mp4", "url": "https://video.twimg.com/amplify_video/1879625201048039424/vid/avc1/480x600/VP5DPIsQnSd_Pf4O.mp4?tag=14"}, {"bitrate": 2176000, "content_type": "video/mp4", "url": "https://video.twimg.com/amplify_video/1879625201048039424/vid/avc1/720x900/iLMFLG_D9Z89QtvD.mp4?tag=14"}]}}]}, "conversation_id": "1879625486843678928", "retweet_status": null, "quoted_status": null, "bookmark_count": 431, "source": "Twitter Media Studio", "community_note": null}
{"tweet_id": "1720742403844235392", "creation_date": "Sat Nov 04 09:58:53 +0000 2023", "text": "براتون تراپی جدید آوردم!\n چندساعت پیش اسراییل زد دانشگاه الازهر غزه که به دستور بابای رائفی‌پور تاسیس شده بود و محل ترویج اسلام و مغزشویی برای جهاد بود رو تماما با خاک یکی کرد:))\n#زوزه_بکش_عرزشی https://t.co/44bB9LXtnD", "media_url": ["https://pbs.twimg.com/ext_tw_video_thumb/1720742320423817216/pu/img/PV86gIEQhivyrKQL.jpg", "https://pbs.twimg.com/media/F-FOFvwWcAAv2jy.jpg"], "video_url": [{"content_type": "application/x-mpegURL", "url": "https://video.twimg.com/ext_tw_video/1720742320423817216/pu/pl/QEkWxkpmpPYdFHk5.m3u8?tag=12&v=f44"}, {"bitrate": 632000, "content_type": "video/mp4", "url": "https://video.twimg.com/ext_tw_video/1720742320423817216/pu/vid/avc1/320x568/cS9Y8aXCDTOG0NXM.mp4?tag=12"}, {"bitrate": 950000, "content_type": "video/mp4", "url": "https://video.twimg.com/ext_tw_video/1720742320423817216/pu/vid/avc1/480x852/OSaqJAPMmGb45Ah6.mp4?tag=12"}, {"bitrate": 2176000, "content_type": "video/mp4", "url": "https://video.twimg.com/ext_tw_video/1720742320423817216/pu/vid/avc1/576x1024/99tvGh8xZ30KBWxx.mp4?tag=12"}], "user": {"creation_date": "Sat Aug 05 08:57:12 +0000 2017", "user_id": "893757772025798656", "username": "YaarGhadimi", "name": "𓄂✺Yaar - يار ‌‌قدیمی🎗️", "follower_count": 97108, "following_count": 5708, "favourites_count": 218284, "is_private": null, "is_verified": false, "is_blue_verified": true, "location": "Persian Gulf", "profile_pic_url": "https://pbs.twimg.com/profile_images/1899639358187032576/vMpj76SD_normal.jpg", "profile_banner_url": "https://pbs.twimg.com/profile_banners/893757772025798656/1741812943", "description": "Patriot𓄂✺, Animal lover🐕‍🦺🦥,Ex-Muslim, Atheist, 👩🏿‍💼=🧑🏻‍💼=👩🏼‍💼=🧑🏿‍💼 #IraniansStandWithIsrael🇮🇱, My inner child: @bri30s", "external_url": null, "number_of_tweets": 55529, "bot": false, "timestamp": 1501923432, "has_nft_avatar": false, "category": null, "default_profile": true, "default_profile_image": false, "listed_count": 276, "verified_type": null}, "language": "fa", "favorite_count": 3759, "retweet_count": 511, "reply_count": 124, "quote_count": 23, "retweet": false, "views": 75008, "timestamp": 1699091933, "video_view_count": null, "in_reply_to_status_id": null, "quoted_status_id": null, "binding_values": null, "expanded_url": "https://x.com/YaarDabestaani/status/1720742403844235392/video/1", "retweet_tweet_id": null, "extended_entities": {"media": [{"display_url": "pic.x.com/44bB9LXtnD", "expanded_url": "https://x.com/YaarDabestaani/status/1720742403844235392/video/1", "id_str": "1720742320423817216", "indices": [195, 218], "media_key": "7_1720742320423817216", "media_url_https": "https://pbs.twimg.com/ext_tw_video_thumb/1720742320423817216/pu/img/PV86gIEQhivyrKQL.jpg", "type": "video", "url": "https://t.co/44bB9LXtnD", "additional_media_info": {"monetizable": false}, "ext_media_availability": {"status": "Available"}, "sizes": {"large": {"h": 1024, "w": 576, "resize": "fit"}, "medium": {"h": 1024, "w": 576, "resize": "fit"}, "small": {"h": 680, "w": 383, "resize": "fit"}, "thumb": {"h": 150, "w": 150, "resize": "crop"}}, "original_info": {"height": 1024, "width": 576, "focus_rects": []}, "video_info": {"aspect_ratio": [9, 16], "duration_millis": 21082, "variants": [{"content_type": "application/x-mpegURL", "url": "https://video.twimg.com/ext_tw_video/1720742320423817216/pu/pl/QEkWxkpmpPYdFHk5.m3u8?tag=12&v=f44"}, {"bitrate": 632000, "content_type": "video/mp4", "url": "https://video.twimg.com/ext_tw_video/1720742320423817216/pu/vid/avc1/320x568/cS9Y8aXCDTOG0NXM.mp4?tag=12"}, {"bitrate": 950000, "content_type": "video/mp4", "url": "https://video.twimg.com/ext_tw_video/1720742320423817216/pu/vid/avc1/480x852/OSaqJAPMmGb45Ah6.mp4?tag=12"}, {"bitrate": 2176000, "content_type": "video/mp4", "url": "https://video.twimg.com/ext_tw_video/1720742320423817216/pu/vid/avc1/576x1024/99tvGh8xZ30KBWxx.mp4?tag=12"}]}}, {"display_url": "pic.x.com/44bB9LXtnD", "expanded_url": "https://x.com/YaarDabestaani/status/1720742403844235392/video/1", "id_str": "1720742393257816064", "indices": [195, 218], "media_key": "3_1720742393257816064", "media_url_https": "https://pbs.twimg.com/media/F-FOFvwWcAAv2jy.jpg", "type": "photo", "url": "https://t.co/44bB9LXtnD", "ext_media_availability": {"status": "Available"}, "features": {"all": {"tags": [{"user_id": "1591547142136627202", "name": "علی اکبر رائفی پور", "screen_name": "_Mahdiyar313", "type": "user"}, {"user_id": "18576537", "name": "Israel Defense Forces", "screen_name": "IDF", "type": "user"}]}, "large": {"faces": []}, "medium": {"faces": []}, "small": {"faces": []}, "orig": {"faces": []}}, "sizes": {"large": {"h": 610, "w": 940, "resize": "fit"}, "medium": {"h": 610, "w": 940, "resize": "fit"}, "small": {"h": 441, "w": 680, "resize": "fit"}, "thumb": {"h": 150, "w": 150, "resize": "crop"}}, "original_info": {"height": 610, "width": 940, "focus_rects": [{"x": 0, "y": 84, "w": 940, "h": 526}, {"x": 0, "y": 0, "w": 610, "h": 610}, {"x": 0, "y": 0, "w": 535, "h": 610}, {"x": 59, "y": 0, "w": 305, "h": 610}, {"x": 0, "y": 0, "w": 940, "h": 610}]}}]}, "conversation_id": "1720742403844235392", "retweet_status": null, "quoted_status": null, "bookmark_count": 21, "source": "Twitter for Android", "community_note": null}
{"tweet_id": "1870421866369679754", "creation_date": "Sat Dec 21 10:51:38 +0000 2024", "text": "الشّهيد أحمد عمر عليان \"أبو عمر\"\n\nبلغ من العمر 30 عامًا، خريج لغة عربية من جامعة الأزهر. متزوج ولديه طفلان، عمر وعلي. كان من أهدأ الشباب وأكثرهم أخلاقًا، عزيز النفس، لا يطلب من أحد شيئًا حتى في أشد حاجته. كان من رواد المساجد، بارًا بوالديه، ومحبوبًا بين أصدقائه. .. https://t.co/WX6YGLOp30", "media_url": ["https://pbs.twimg.com/media/GfUSxmZXQAAzBgI.jpg"], "video_url": null, "user": {"creation_date": "Thu Sep 23 08:40:54 +0000 2021", "user_id": "1440959325153939458", "username": "Gaza_Shaheed", "name": "شهداء غزّة Gaza martyrs", "follower_count": 79986, "following_count": 7, "favourites_count": 6, "is_private": null, "is_verified": false, "is_blue_verified": false, "location": "غزة", "profile_pic_url": "https://pbs.twimg.com/profile_images/1728381999436488704/OfBMgrnL_normal.jpg", "profile_banner_url": "https://pbs.twimg.com/profile_banners/1440959325153939458/1701608105", "description": "لأنهم ليسوا أرقامًا، هُنا نحكي قصة الشهداء، حياتهم، ذكرياتهم، أحلامهم.. اكتبوا لنا وأرسلوا، لنحكي لكلّ العالم عن شهداء #غزة. | https://t.co/xaDzXXyTBv", "external_url": "https://t.me/Gaza_shaheed", "number_of_tweets": 3476, "bot": false, "timestamp": 1632386454, "has_nft_avatar": false, "category": null, "default_profile": true, "default_profile_image": false, "listed_count": 152, "verified_type": null}, "language": "ar", "favorite_count": 175, "retweet_count": 87, "reply_count": 9, "quote_count": 0, "retweet": false, "views": 2672, "timestamp": 1734778298, "video_view_count": null, "in_reply_to_status_id": null, "quoted_status_id": null, "binding_values": null, "expanded_url": "https://x.com/Gaza_Shaheed/status/1870421866369679754/photo/1", "retweet_tweet_id": null, "extended_entities": {"media": [{"display_url": "pic.x.com/WX6YGLOp30", "expanded_url": "https://x.com/Gaza_Shaheed/status/1870421866369679754/photo/1", "id_str": "1870421863572127744", "indices": [266, 289], "media_key": "3_1870421863572127744", "media_url_https": "https://pbs.twimg.com/media/GfUSxmZXQAAzBgI.jpg", "type": "photo", "url": "https://t.co/WX6YGLOp30", "ext_media_availability": {"status": "Available"}, "features": {"large": {"faces": [{"x": 471, "y": 190, "h": 343, "w": 343}]}, "medium": {"faces": [{"x": 441, "y": 178, "h": 321, "w": 321}]}, "small": {"faces": [{"x": 250, "y": 100, "h": 182, "w": 182}]}, "orig": {"faces": [{"x": 471, "y": 190, "h": 343, "w": 343}]}}, "sizes": {"large": {"h": 1280, "w": 1280, "resize": "fit"}, "medium": {"h": 1200, "w": 1200, "resize": "fit"}, "small": {"h": 680, "w": 680, "resize": "fit"}, "thumb": {"h": 150, "w": 150, "resize": "crop"}}, "original_info": {"height": 1280, "width": 1280, "focus_rects": [{"x": 0, "y": 58, "w": 1280, "h": 717}, {"x": 0, "y": 0, "w": 1280, "h": 1280}, {"x": 111, "y": 0, "w": 1123, "h": 1280}, {"x": 352, "y": 0, "w": 640, "h": 1280}, {"x": 0, "y": 0, "w": 1280, "h": 1280}]}}]}, "conversation_id": "1870421866369679754", "retweet_status": null, "quoted_status": null, "bookmark_count": 5, "source": "Twitter for Android", "community_note": null}
{"tweet_id": "1866459650750841304", "creation_date": "Tue Dec 10 12:27:12 +0000 2024", "text": "الاغتصاب في #سجن_صيدنايا ليس بغريب سجون مصر وذباب النظام دائماً يهدد معارضي العسكر بلقاء \"فرج\" صاحب المشهد الشهير في فيلم الكرنك، لكن لا أحد يتكلم. هذه طالبة في جامعة الأزهر حكت واقعة اغتصابها داخل مدرعة شرطة، فتم تبرئة الضابط، وقامت نيابة #السيسي_عدو_الله بحبسها سنة عقاباً لها. https://t.co/ES44VTVtZ9", "media_url": ["https://pbs.twimg.com/ext_tw_video_thumb/1866459607851294720/pu/img/kM6dqXXNYRYENUY7.jpg"], "video_url": [{"content_type": "application/x-mpegURL", "url": "https://video.twimg.com/ext_tw_video/1866459607851294720/pu/pl/w5dR598z0ttzVFWG.m3u8?tag=12&v=93a"}, {"bitrate": 256000, "content_type": "video/mp4", "url": "https://video.twimg.com/ext_tw_video/1866459607851294720/pu/vid/avc1/176x144/jRqmu-Pfpl7NcX9M.mp4?tag=12"}], "user": {"creation_date": "Wed Jun 15 17:25:12 +0000 2016", "user_id": "743132260870848512", "username": "ERC_egy", "name": "المجلس الثوري المصري", "follower_count": 150894, "following_count": 52, "favourites_count": 3626, "is_private": null, "is_verified": false, "is_blue_verified": false, "location": "Egypt ", "profile_pic_url": "https://pbs.twimg.com/profile_images/761340315991216130/FJmpno_I_normal.jpg", "profile_banner_url": "https://pbs.twimg.com/profile_banners/743132260870848512/1466039380", "description": "الحساب الرسمي والوحيد للمجلس الثوري المصري", "external_url": "http://ercegypt.org/egy/", "number_of_tweets": 26603, "bot": false, "timestamp": 1466011512, "has_nft_avatar": false, "category": null, "default_profile": true, "default_profile_image": false, "listed_count": 131, "verified_type": null}, "language": "ar", "favorite_count": 795, "retweet_count": 333, "reply_count": 53, "quote_count": 19, "retweet": false, "views": 60537, "timestamp": 1733833632, "video_view_count": null, "in_reply_to_status_id": null, "quoted_status_id": null, "binding_values": null, "expanded_url": "https://x.com/ERC_egy/status/1866459650750841304/video/1", "retweet_tweet_id": null, "extended_entities": {"media": [{"display_url": "pic.x.com/ES44VTVtZ9", "expanded_url": "https://x.com/ERC_egy/status/1866459650750841304/video/1", "id_str": "1866459607851294720", "indices": [280, 303], "media_key": "7_1866459607851294720", "media_url_https": "https://pbs.twimg.com/ext_tw_video_thumb/1866459607851294720/pu/img/kM6dqXXNYRYENUY7.jpg", "type": "video", "url": "https://t.co/ES44VTVtZ9", "additional_media_info": {"monetizable": false}, "ext_media_availability": {"status": "Available"}, "sizes": {"large": {"h": 144, "w": 176, "resize": "fit"}, "medium": {"h": 144, "w": 176, "resize": "fit"}, "small": {"h": 144, "w": 176, "resize": "fit"}, "thumb": {"h": 144, "w": 144, "resize": "crop"}}, "original_info": {"height": 144, "width": 176, "focus_rects": []}, "video_info": {"aspect_ratio": [11, 9], "duration_millis": 139993, "variants": [{"content_type": "application/x-mpegURL", "url": "https://video.twimg.com/ext_tw_video/1866459607851294720/pu/pl/w5dR598z0ttzVFWG.m3u8?tag=12&v=93a"}, {"bitrate": 256000, "content_type": "video/mp4", "url": "https://video.twimg.com/ext_tw_video/1866459607851294720/pu/vid/avc1/176x144/jRqmu-Pfpl7NcX9M.mp4?tag=12"}]}}]}, "conversation_id": "1866459650750841304", "retweet_status": null, "quoted_status": null, "bookmark_count": 130, "source": "Twitter for Android", "community_note": null}
{"tweet_id": "1882100602668548428", "creation_date": "Wed Jan 22 16:18:46 +0000 2025", "text": "بعد إعلان جامعة الأزهر إجراء دراسة علميَّة متأنية حول إمكانية تعريب العلوم الطبية.. ما رأيك في الخطوة؟ https://t.co/P4dgoNqPH4", "media_url": ["https://pbs.twimg.com/media/Gh6QeltWIAAgdZ4.jpg"], "video_url": null, "user": {"creation_date": "Mon Mar 27 12:12:15 +0000 2017", "user_id": "846334047383105537", "username": "AJA_Egypt", "name": "الجزيرة مصر", "follower_count": 2099226, "following_count": 2, "favourites_count": 0, "is_private": null, "is_verified": false, "is_blue_verified": true, "location": "Egypt", "profile_pic_url": "https://pbs.twimg.com/profile_images/1190876953190043648/UAI-lZD-_normal.jpg", "profile_banner_url": "https://pbs.twimg.com/profile_banners/846334047383105537/1743967029", "description": "حساب تابع لشبكة الجزيرة متخصص في متابعة الشأن المصري", "external_url": "http://facebook.com/AJA.Egypt", "number_of_tweets": 215155, "bot": false, "timestamp": 1490616735, "has_nft_avatar": false, "category": null, "default_profile": true, "default_profile_image": false, "listed_count": 1189, "verified_type": "Business"}, "language": "ar", "favorite_count": 5117, "retweet_count": 330, "reply_count": 840, "quote_count": 104, "retweet": false, "views": 271933, "timestamp": 1737562726, "video_view_count": null, "in_reply_to_status_id": null, "quoted_status_id": null, "binding_values": null, "expanded_url": "https://x.com/AJA_Egypt/status/1882100602668548428/photo/1", "retweet_tweet_id": null, "extended_entities": {"media": [{"display_url": "pic.x.com/P4dgoNqPH4", "expanded_url": "https://x.com/AJA_Egypt/status/1882100602668548428/photo/1", "id_str": "1882100549480226816", "indices": [103, 126], "media_key": "3_1882100549480226816", "media_url_https": "https://pbs.twimg.com/media/Gh6QeltWIAAgdZ4.jpg", "type": "photo", "url": "https://t.co/P4dgoNqPH4", "ext_media_availability": {"status": "Available"}, "features": {"large": {"faces": [{"x": 421, "y": 434, "h": 46, "w": 46}]}, "medium": {"faces": [{"x": 421, "y": 434, "h": 46, "w": 46}]}, "small": {"faces": [{"x": 265, "y": 273, "h": 28, "w": 28}]}, "orig": {"faces": [{"x": 421, "y": 434, "h": 46, "w": 46}]}}, "sizes": {"large": {"h": 1080, "w": 1080, "resize": "fit"}, "medium": {"h": 1080, "w": 1080, "resize": "fit"}, "small": {"h": 680, "w": 680, "resize": "fit"}, "thumb": {"h": 150, "w": 150, "resize": "crop"}}, "original_info": {"height": 1080, "width": 1080, "focus_rects": [{"x": 0, "y": 475, "w": 1080, "h": 605}, {"x": 0, "y": 0, "w": 1080, "h": 1080}, {"x": 0, "y": 0, "w": 947, "h": 1080}, {"x": 189, "y": 0, "w": 540, "h": 1080}, {"x": 0, "y": 0, "w": 1080, "h": 1080}]}}]}, "conversation_id": "1882100602668548428", "retweet_status": null, "quoted_status": null, "bookmark_count": 128, "source": "Twitter Web App", "community_note": null}
{"tweet_id": "1866223487779565763", "creation_date": "Mon Dec 09 20:48:46 +0000 2024", "text": "محمود الأحمدي طالب في كلية اللغات والترجمة جامعة الأزهر \n\nاجبروه بعترف بقتل النائب العام، ظباط امن الدوله بياخدو الشباب يشيلوا كل واحد تهمه \n\nاعترف بعد ما اتعذب بكهرباء تكفي مصر ٢٠ سنه، أتحكم عليه بالإعدام \n\nبعد تنفيذ حكم الإعدام ومن فترة قريبه ظهر براءة محمود واللي كانوا معاه. https://t.co/0i4rELHaGd", "media_url": ["https://pbs.twimg.com/amplify_video_thumb/1866223397866176512/img/Mc5RHx3bQJYEWl34.jpg"], "video_url": [{"content_type": "application/x-mpegURL", "url": "https://video.twimg.com/amplify_video/1866221186713088000/pl/8V7AA75NLJ6u9cob.m3u8?tag=16&v=cfc"}, {"bitrate": 432000, "content_type": "video/mp4", "url": "https://video.twimg.com/amplify_video/1866221186713088000/vid/avc1/360x360/TUje4w9Vx8IDDUii.mp4?tag=16"}], "user": {"creation_date": "Thu Aug 04 17:00:25 +0000 2022", "user_id": "1555237195841150980", "username": "SsedoOfficiaI", "name": "91,s 𓂆🇵🇸", "follower_count": 51709, "following_count": 21304, "favourites_count": 78739, "is_private": null, "is_verified": false, "is_blue_verified": true, "location": "Italy", "profile_pic_url": "https://pbs.twimg.com/profile_images/1679067426288197632/PBvZpzev_normal.jpg", "profile_banner_url": "https://pbs.twimg.com/profile_banners/1555237195841150980/1683322514", "description": "Al-Azhar University & the American University \" 𓂀 \"", "external_url": "https://zaqa.net/91s", "number_of_tweets": 36530, "bot": false, "timestamp": 1659632425, "has_nft_avatar": false, "category": null, "default_profile": true, "default_profile_image": false, "listed_count": 31, "verified_type": null}, "language": "ar", "favorite_count": 797, "retweet_count": 163, "reply_count": 8, "quote_count": 20, "retweet": false, "views": 45202, "timestamp": 1733777326, "video_view_count": null, "in_reply_to_status_id": null, "quoted_status_id": "1866221204895359245", "binding_values": null, "expanded_url": "https://x.com/SsedoOfficiaI/status/1866223487779565763/video/1", "retweet_tweet_id": null, "extended_entities": {"media": [{"display_url": "pic.x.com/oyVAdoSlsy", "expanded_url": "https://x.com/SsedoOfficiaI/status/1866221204895359245/video/1", "id_str": "1866221186713088000", "indices": [268, 291], "media_key": "13_1866221186713088000", "media_url_https": "https://pbs.twimg.com/amplify_video_thumb/1866221186713088000/img/epZQdt4ss0CKF73a.jpg", "type": "video", "url": "https://t.co/oyVAdoSlsy", "additional_media_info": {"monetizable": false}, "ext_media_availability": {"status": "Available"}, "sizes": {"large": {"h": 360, "w": 360, "resize": "fit"}, "medium": {"h": 360, "w": 360, "resize": "fit"}, "small": {"h": 360, "w": 360, "resize": "fit"}, "thumb": {"h": 150, "w": 150, "resize": "crop"}}, "original_info": {"height": 360, "width": 360, "focus_rects": []}, "video_info": {"aspect_ratio": [1, 1], "duration_millis": 17012, "variants": [{"content_type": "application/x-mpegURL", "url": "https://video.twimg.com/amplify_video/1866221186713088000/pl/8V7AA75NLJ6u9cob.m3u8?tag=16&v=cfc"}, {"bitrate": 432000, "content_type": "video/mp4", "url": "https://video.twimg.com/amplify_video/1866221186713088000/vid/avc1/360x360/TUje4w9Vx8IDDUii.mp4?tag=16"}]}}]}, "conversation_id": "1866223487779565763", "retweet_status": null, "quoted_status": {"tweet_id": "1866221204895359245", "creation_date": "Mon Dec 09 20:39:42 +0000 2024", "text": "الدكتور باسم عودة محكوم عليه بالسجن المؤبد والإعدام .. كان حلمه يخلي مصر سلة غلال الوطن العربي \n\n٤ سنين سجن انفرادي \n٤ سنين بياكل لوحده\n٤ سنين بيصلي لوحده \n٤ سنين ممنوع يشوف ولاده \n- الكلام ده من ٢٠١٧ شوف احنا النهاردة في كام\n\nبالمناسبة محدش يعرف هو محبوس ليه أصلاً ! https://t.co/oyVAdoSlsy", "media_url": null, "video_url": null, "user": {"creation_date": "Thu Aug 04 17:00:25 +0000 2022", "user_id": "1555237195841150980", "username": "SsedoOfficiaI", "name": "91,s 𓂆🇵🇸", "follower_count": 51709, "following_count": 21304, "favourites_count": 78739, "is_private": null, "is_verified": false, "is_blue_verified": true, "location": "Italy", "profile_pic_url": "https://pbs.twimg.com/profile_images/1679067426288197632/PBvZpzev_normal.jpg", "profile_banner_url": "https://pbs.twimg.com/profile_banners/1555237195841150980/1683322514", "description": "Al-Azhar University & the American University \" 𓂀 \"", "external_url": "https://zaqa.net/91s", "number_of_tweets": 36530, "bot": false, "timestamp": 1659632425, "has_nft_avatar": false, "category": null, "default_profile": true, "default_profile_image": false, "listed_count": 31, "verified_type": null}, "language": "ar", "favorite_count": 826, "retweet_count": 134, "reply_count": 4, "quote_count": 11, "retweet": false, "views": null, "timestamp": 1733776782, "video_view_count": null, "in_reply_to_status_id": null, "quoted_status_id": "1866215921657815328", "binding_values": null, "expanded_url": null, "retweet_tweet_id": null, "extended_entities": null, "conversation_id": "1866221204895359245", "retweet_status": null, "quoted_status": null, "bookmark_count": 59, "source": null, "community_note": null}, "bookmark_count": 89, "source": "Twitter for iPhone", "community_note": null}
{"tweet_id": "1849173311881650579", "creation_date": "Wed Oct 23 19:37:28 +0000 2024", "text": "الحراك الجاى هايكون لكل تجمع دور ألتراس أهلاوى ألتراس الزمالك\nنهضاوى رجالة الجامعات وبالأخص جامعة الأزهر \nالثورة بنا جميعاً دوركم قد يكون الأكثر أهمية خلال المرحلة القادمة\n\n#ثورة_المفاصل #السيسى https://t.co/L26ZyMlRl1", "media_url": ["https://pbs.twimg.com/ext_tw_video_thumb/1849170855147732992/pu/img/uQXFVniQ3b9FslWq.jpg"], "video_url": [{"content_type": "application/x-mpegURL", "url": "https://video.twimg.com/ext_tw_video/1849170855147732992/pu/pl/CCC12BQuQTsOPvkl.m3u8?tag=12&v=754"}, {"bitrate": 632000, "content_type": "video/mp4", "url": "https://video.twimg.com/ext_tw_video/1849170855147732992/pu/vid/avc1/320x568/rDfj7mKTvNoGqhEM.mp4?tag=12"}, {"bitrate": 950000, "content_type": "video/mp4", "url": "https://video.twimg.com/ext_tw_video/1849170855147732992/pu/vid/avc1/480x852/mH8q5GAzVtvrns32.mp4?tag=12"}, {"bitrate": 2176000, "content_type": "video/mp4", "url": "https://video.twimg.com/ext_tw_video/1849170855147732992/pu/vid/avc1/720x1280/BK3O1mtOb6_TtLzi.mp4?tag=12"}], "user": {"creation_date": "Thu Oct 01 19:23:02 +0000 2015", "user_id": "3836154263", "username": "3m4710", "name": "محمد الاسكندرانى", "follower_count": 115085, "following_count": 400, "favourites_count": 5903, "is_private": null, "is_verified": false, "is_blue_verified": false, "location": "", "profile_pic_url": "https://pbs.twimg.com/profile_images/1839854619104522240/JLqrdBLc_normal.jpg", "profile_banner_url": "https://pbs.twimg.com/profile_banners/3836154263/1705954309", "description": "مواطن مصرى مؤمن بثورة يناير … ضد الانقلاب …ضد الطغاة  اكره الاغبياء واعشق اسكندرية بكل ما فيها", "external_url": null, "number_of_tweets": 30402, "bot": false, "timestamp": 1443727382, "has_nft_avatar": false, "category": null, "default_profile": true, "default_profile_image": false, "listed_count": 76, "verified_type": null}, "language": "ar", "favorite_count": 1000, "retweet_count": 202, "reply_count": 92, "quote_count": 10, "retweet": false, "views": 43967, "timestamp": 1729712248, "video_view_count": null, "in_reply_to_status_id": null, "quoted_status_id": null, "binding_values": null, "expanded_url": "https://x.com/3m4710/status/1849173311881650579/video/1", "retweet_tweet_id": null, "extended_entities": {"media": [{"display_url": "pic.x.com/L26ZyMlRl1", "expanded_url": "https://x.com/3m4710/status/1849173311881650579/video/1", "id_str": "1849170855147732992", "indices": [195, 218], "media_key": "7_1849170855147732992", "media_url_https": "https://pbs.twimg.com/ext_tw_video_thumb/1849170855147732992/pu/img/uQXFVniQ3b9FslWq.jpg", "type": "video", "url": "https://t.co/L26ZyMlRl1", "additional_media_info": {"monetizable": false}, "ext_media_availability": {"status": "Available"}, "sizes": {"large": {"h": 1280, "w": 720, "resize": "fit"}, "medium": {"h": 1200, "w": 675, "resize": "fit"}, "small": {"h": 680, "w": 383, "resize": "fit"}, "thumb": {"h": 150, "w": 150, "resize": "crop"}}, "original_info": {"height": 1280, "width": 720, "focus_rects": []}, "video_info": {"aspect_ratio": [9, 16], "duration_millis": 139993, "variants": [{"content_type": "application/x-mpegURL", "url": "https://video.twimg.com/ext_tw_video/1849170855147732992/pu/pl/CCC12BQuQTsOPvkl.m3u8?tag=12&v=754"}, {"bitrate": 632000, "content_type": "video/mp4", "url": "https://video.twimg.com/ext_tw_video/1849170855147732992/pu/vid/avc1/320x568/rDfj7mKTvNoGqhEM.mp4?tag=12"}, {"bitrate": 950000, "content_type": "video/mp4", "url": "https://video.twimg.com/ext_tw_video/1849170855147732992/pu/vid/avc1/480x852/mH8q5GAzVtvrns32.mp4?tag=12"}, {"bitrate": 2176000, "content_type": "video/mp4", "url": "https://video.twimg.com/ext_tw_video/1849170855147732992/pu/vid/avc1/720x1280/BK3O1mtOb6_TtLzi.mp4?tag=12"}]}}]}, "conversation_id": "1849173311881650579", "retweet_status": null, "quoted_status": null, "bookmark_count": 17, "source": "Twitter for Android", "community_note": null}
{"tweet_id": "1847932597550108870", "creation_date": "Sun Oct 20 09:27:18 +0000 2024", "text": "#فيديو من #مصر عام 2008\n\nخروج مظاهرات في جامعة الأزهر منددة بالعدوان الإسرائيلي على غزة احدهم رافع صحيفة الدستور بعنوان :\n\nغزة تحترق بالطائرات بعد 48 ساعة من لقاء مبارك مع ليفي (وزيرة خارجية الاحتلال ) \n\nتم اعتقال اغلب ممن ظهروا في الفيديو ولايزالون في المعتقل حتى اليوم !! https://t.co/svbYqCPSG6", "media_url": ["https://pbs.twimg.com/amplify_video_thumb/1847932516595908608/img/Y-ZblqLwiNqUGXzM.jpg", "https://pbs.twimg.com/media/GaUs1UNXMAAggLP.jpg"], "video_url": [{"content_type": "application/x-mpegURL", "url": "https://video.twimg.com/amplify_video/1847932516595908608/pl/d1smfXuhktsujZOx.m3u8?tag=16&v=fa0"}, {"bitrate": 288000, "content_type": "video/mp4", "url": "https://video.twimg.com/amplify_video/1847932516595908608/vid/avc1/374x270/Btim9fmHwA0FIb33.mp4?tag=16"}, {"bitrate": 832000, "content_type": "video/mp4", "url": "https://video.twimg.com/amplify_video/1847932516595908608/vid/avc1/640x460/LGfYOEjGESvkI71o.mp4?tag=16"}], "user": {"creation_date": "Wed May 06 17:37:41 +0000 2020", "user_id": "1258088484377591809", "username": "inpic0", "name": "PIC | صـور من التـاريخ", "follower_count": 422361, "following_count": 385, "favourites_count": 14881, "is_private": null, "is_verified": false, "is_blue_verified": true, "location": "الإختلاف في الرأي لا يفسد الود", "profile_pic_url": "https://pbs.twimg.com/profile_images/1552313154461474816/YHzPLcZW_normal.jpg", "profile_banner_url": "https://pbs.twimg.com/profile_banners/1258088484377591809/1658945176", "description": "نغرد عن الـتاريخ والحاضر ننشر صور ومعلومات و احداث وسياسية وغرائب عالمية متـنــوعــة نهدف لنشر الوعي .. حسابنا البديل@inpic9🌷", "external_url": null, "number_of_tweets": 14732, "bot": false, "timestamp": 1588786661, "has_nft_avatar": false, "category": null, "default_profile": true, "default_profile_image": false, "listed_count": 637, "verified_type": null}, "language": "ar", "favorite_count": 290, "retweet_count": 41, "reply_count": 12, "quote_count": 1, "retweet": false, "views": 27686, "timestamp": 1729416438, "video_view_count": null, "in_reply_to_status_id": null, "quoted_status_id": null, "binding_values": null, "expanded_url": "https://x.com/inpic0/status/1847932597550108870/video/1", "retweet_tweet_id": null, "extended_entities": {"media": [{"display_url": "pic.x.com/svbYqCPSG6", "expanded_url": "https://x.com/inpic0/status/1847932597550108870/video/1", "id_str": "1847932516595908608", "indices": [274, 297], "media_key": "13_1847932516595908608", "media_url_https": "https://pbs.twimg.com/amplify_video_thumb/1847932516595908608/img/Y-ZblqLwiNqUGXzM.jpg", "type": "video", "url": "https://t.co/svbYqCPSG6", "additional_media_info": {"monetizable": false}, "ext_media_availability": {"status": "Available"}, "sizes": {"large": {"h": 460, "w": 640, "resize": "fit"}, "medium": {"h": 460, "w": 640, "resize": "fit"}, "small": {"h": 460, "w": 640, "resize": "fit"}, "thumb": {"h": 150, "w": 150, "resize": "crop"}}, "original_info": {"height": 460, "width": 640, "focus_rects": []}, "video_info": {"aspect_ratio": [32, 23], "duration_millis": 95958, "variants": [{"content_type": "application/x-mpegURL", "url": "https://video.twimg.com/amplify_video/1847932516595908608/pl/d1smfXuhktsujZOx.m3u8?tag=16&v=fa0"}, {"bitrate": 288000, "content_type": "video/mp4", "url": "https://video.twimg.com/amplify_video/1847932516595908608/vid/avc1/374x270/Btim9fmHwA0FIb33.mp4?tag=16"}, {"bitrate": 832000, "content_type": "video/mp4", "url": "https://video.twimg.com/amplify_video/1847932516595908608/vid/avc1/640x460/LGfYOEjGESvkI71o.mp4?tag=16"}]}}, {"display_url": "pic.x.com/svbYqCPSG6", "expanded_url": "https://x.com/inpic0/status/1847932597550108870/video/1", "id_str": "1847932516574900224", "indices": [274, 297], "media_key": "3_1847932516574900224", "media_url_https": "https://pbs.twimg.com/media/GaUs1UNXMAAggLP.jpg", "type": "photo", "url": "https://t.co/svbYqCPSG6", "ext_media_availability": {"status": "Available"}, "features": {"large": {"faces": [{"x": 818, "y": 7, "h": 46, "w": 46}, {"x": 454, "y": 434, "h": 39, "w": 39}, {"x": 450, "y": 81, "h": 121, "w": 121}, {"x": 582, "y": 4, "h": 112, "w": 112}, {"x": 17, "y": 97, "h": 120, "w": 120}]}, "medium": {"faces": [{"x": 818, "y": 7, "h": 46, "w": 46}, {"x": 454, "y": 434, "h": 39, "w": 39}, {"x": 450, "y": 81, "h": 121, "w": 121}, {"x": 582, "y": 4, "h": 112, "w": 112}, {"x": 17, "y": 97, "h": 120, "w": 120}]}, "small": {"faces": [{"x": 593, "y": 5, "h": 33, "w": 33}, {"x": 329, "y": 314, "h": 28, "w": 28}, {"x": 326, "y": 58, "h": 87, "w": 87}, {"x": 421, "y": 2, "h": 81, "w": 81}, {"x": 12, "y": 70, "h": 86, "w": 86}]}, "orig": {"faces": [{"x": 818, "y": 7, "h": 46, "w": 46}, {"x": 454, "y": 434, "h": 39, "w": 39}, {"x": 450, "y": 81, "h": 121, "w": 121}, {"x": 582, "y": 4, "h": 112, "w": 112}, {"x": 17, "y": 97, "h": 120, "w": 120}]}}, "sizes": {"large": {"h": 725, "w": 938, "resize": "fit"}, "medium": {"h": 725, "w": 938, "resize": "fit"}, "small": {"h": 526, "w": 680, "resize": "fit"}, "thumb": {"h": 150, "w": 150, "resize": "crop"}}, "original_info": {"height": 725, "width": 938, "focus_rects": [{"x": 0, "y": 0, "w": 938, "h": 525}, {"x": 213, "y": 0, "w": 725, "h": 725}, {"x": 302, "y": 0, "w": 636, "h": 725}, {"x": 452, "y": 0, "w": 363, "h": 725}, {"x": 0, "y": 0, "w": 938, "h": 725}]}}]}, "conversation_id": "1847932597550108870", "retweet_status": null, "quoted_status": null, "bookmark_count": 44, "source": "Twitter for iPhone", "community_note": null}
{"tweet_id": "1879639541495263274", "creation_date": "Wed Jan 15 21:19:23 +0000 2025", "text": "المدينة الجامعة جامعة الأزهر القاهرة بتحتفل بتفرح مع غزة😭❤️ https://t.co/BXMUZIEugc", "media_url": ["https://pbs.twimg.com/ext_tw_video_thumb/1879639405960323072/pu/img/uhD4hUFo1URaucGa.jpg"], "video_url": [{"content_type": "application/x-mpegURL", "url": "https://video.twimg.com/ext_tw_video/1879639405960323072/pu/pl/FQ59c6r1F3xrHnVN.m3u8?tag=12&v=cfc"}, {"bitrate": 632000, "content_type": "video/mp4", "url": "https://video.twimg.com/ext_tw_video/1879639405960323072/pu/vid/avc1/320x568/z1rWwrHg3np6G8JB.mp4?tag=12"}, {"bitrate": 950000, "content_type": "video/mp4", "url": "https://video.twimg.com/ext_tw_video/1879639405960323072/pu/vid/avc1/360x640/OkOhjC6pnLLUyr2q.mp4?tag=12"}], "user": {"creation_date": "Sat Oct 28 07:56:16 +0000 2023", "user_id": "1718174631771750400", "username": "MariamM0hamed", "name": "مَـرْيَـمـيَّات❄️", "follower_count": 1564, "following_count": 1244, "favourites_count": 107196, "is_private": null, "is_verified": false, "is_blue_verified": false, "location": "سوداوية أفكارها", "profile_pic_url": "https://pbs.twimg.com/profile_images/1905447870901174272/ligRUMqq_normal.jpg", "profile_banner_url": "https://pbs.twimg.com/profile_banners/1718174631771750400/1733402269", "description": "INTJ 💀\nFree Palestine 🇵🇸\n3/5 AFMG ❄️\n\nWhen the chips are down, these... these civilized people, they'll eat each other.", "external_url": null, "number_of_tweets": 9458, "bot": false, "timestamp": 1698479776, "has_nft_avatar": false, "category": null, "default_profile": true, "default_profile_image": false, "listed_count": 0, "verified_type": null}, "language": "ar", "favorite_count": 5685, "retweet_count": 690, "reply_count": 9, "quote_count": 43, "retweet": false, "views": 77919, "timestamp": 1736975963, "video_view_count": null, "in_reply_to_status_id": null, "quoted_status_id": null, "binding_values": null, "expanded_url": "https://x.com/MariamM0hamed/status/1879639541495263274/video/1", "retweet_tweet_id": null, "extended_entities": {"media": [{"display_url": "pic.x.com/BXMUZIEugc", "expanded_url": "https://x.com/MariamM0hamed/status/1879639541495263274/video/1", "id_str": "1879639405960323072", "indices": [60, 83], "media_key": "7_1879639405960323072", "media_url_https": "https://pbs.twimg.com/ext_tw_video_thumb/1879639405960323072/pu/img/uhD4hUFo1URaucGa.jpg", "type": "video", "url": "https://t.co/BXMUZIEugc", "additional_media_info": {"monetizable": false}, "ext_media_availability": {"status": "Available"}, "sizes": {"large": {"h": 640, "w": 360, "resize": "fit"}, "medium": {"h": 640, "w": 360, "resize": "fit"}, "small": {"h": 640, "w": 360, "resize": "fit"}, "thumb": {"h": 150, "w": 150, "resize": "crop"}}, "original_info": {"height": 640, "width": 360, "focus_rects": []}, "video_info": {"aspect_ratio": [9, 16], "duration_millis": 21093, "variants": [{"content_type": "application/x-mpegURL", "url": "https://video.twimg.com/ext_tw_video/1879639405960323072/pu/pl/FQ59c6r1F3xrHnVN.m3u8?tag=12&v=cfc"}, {"bitrate": 632000, "content_type": "video/mp4", "url": "https://video.twimg.com/ext_tw_video/1879639405960323072/pu/vid/avc1/320x568/z1rWwrHg3np6G8JB.mp4?tag=12"}, {"bitrate": 950000, "content_type": "video/mp4", "url": "https://video.twimg.com/ext_tw_video/1879639405960323072/pu/vid/avc1/360x640/OkOhjC6pnLLUyr2q.mp4?tag=12"}]}}]}, "conversation_id": "1879639541495263274", "retweet_status": null, "quoted_status": null, "bookmark_count": 172, "source": "Twitter Web App", "community_note": null}
{"tweet_id": "1783754017769673116", "creation_date": "Fri Apr 26 07:04:33 +0000 2024", "text": "تصویری از \"شیخ الازهر\" منتشر شده که در بازگشت از سفرهای درمانی اش به آلمان، در بخش بیزینس کلاس هواپیما نشسته و کتابی با عنوان «افول غرب» می‌خواند...\n\nیک نویسنده معروف هم در پاسخ نوشته: اگر غرب افول کند جناب شیخ برای درمان کجا برود و چطور برود؟ https://t.co/qNarOjWpto", "media_url": ["https://pbs.twimg.com/media/GMEq028WkAAghd5.jpg"], "video_url": null, "user": {"creation_date": "Sat Apr 02 05:46:33 +0000 2022", "user_id": "1510130875928829952", "username": "naime_atamanesh", "name": "نعیمه‌عطامنش", "follower_count": 6360, "following_count": 213, "favourites_count": 82227, "is_private": null, "is_verified": false, "is_blue_verified": false, "location": "آتن را با اورشلیم چکار؟", "profile_pic_url": "https://pbs.twimg.com/profile_images/1865642563119513600/zqE4gv3b_normal.jpg", "profile_banner_url": "https://pbs.twimg.com/profile_banners/1510130875928829952/1738274838", "description": "«هرکه بیناتر درین هنگامه، حیران بیشتر» و در این‌ حیرت‌سرایِ چاه‌ و نابینا، چه‌ پُرجُرم‌ است آنکه‌ خاموش‌ بنشیند و تنها نظاره‌گر باشد.\n\nhttps://t.co/PgefraMvt6", "external_url": "https://t.me/rahetaban", "number_of_tweets": 477, "bot": false, "timestamp": 1648878393, "has_nft_avatar": false, "category": null, "default_profile": true, "default_profile_image": false, "listed_count": 15, "verified_type": null}, "language": "fa", "favorite_count": 7136, "retweet_count": 447, "reply_count": 169, "quote_count": 28, "retweet": false, "views": 143791, "timestamp": 1714115073, "video_view_count": null, "in_reply_to_status_id": null, "quoted_status_id": null, "binding_values": null, "expanded_url": "https://x.com/naime_atamanesh/status/1783754017769673116/photo/1", "retweet_tweet_id": null, "extended_entities": {"media": [{"display_url": "pic.x.com/qNarOjWpto", "expanded_url": "https://x.com/naime_atamanesh/status/1783754017769673116/photo/1", "id_str": "1783754015005642752", "indices": [244, 267], "media_key": "3_1783754015005642752", "media_url_https": "https://pbs.twimg.com/media/GMEq028WkAAghd5.jpg", "type": "photo", "url": "https://t.co/qNarOjWpto", "ext_media_availability": {"status": "Available"}, "features": {"large": {"faces": [{"x": 137, "y": 137, "h": 82, "w": 82}]}, "medium": {"faces": [{"x": 137, "y": 137, "h": 82, "w": 82}]}, "small": {"faces": [{"x": 137, "y": 137, "h": 82, "w": 82}]}, "orig": {"faces": [{"x": 137, "y": 137, "h": 82, "w": 82}]}}, "sizes": {"large": {"h": 383, "w": 396, "resize": "fit"}, "medium": {"h": 383, "w": 396, "resize": "fit"}, "small": {"h": 383, "w": 396, "resize": "fit"}, "thumb": {"h": 150, "w": 150, "resize": "crop"}}, "original_info": {"height": 383, "width": 396, "focus_rects": [{"x": 0, "y": 77, "w": 396, "h": 222}, {"x": 0, "y": 0, "w": 383, "h": 383}, {"x": 0, "y": 0, "w": 336, "h": 383}, {"x": 72, "y": 0, "w": 192, "h": 383}, {"x": 0, "y": 0, "w": 396, "h": 383}]}}]}, "conversation_id": "1783754017769673116", "retweet_status": null, "quoted_status": null, "bookmark_count": 146, "source": "Twitter for Android", "community_note": null}
{"tweet_id": "1847578301390377119", "creation_date": "Sat Oct 19 09:59:28 +0000 2024", "text": "رئيس جامعه الازهر عمل مؤتمر و جايب بروجيكتور  و مواكب عصر  التكنولوجيا بقي \nو بيفتح اللابتوب بتاعه  \nو هوب يظهر الموقع الازرق في بحث جوجل علي البروجيكتور امام الناس\n 😁😁😁😁 https://t.co/7pQ7Dh3OPy", "media_url": ["https://pbs.twimg.com/media/GaPqrK7XQAAy7KD.jpg"], "video_url": null, "user": {"creation_date": "Fri May 06 21:33:51 +0000 2016", "user_id": "728699321336598529", "username": "Adel14780289", "name": "🇪🇬🇪🇬Adel", "follower_count": 3482, "following_count": 639, "favourites_count": 150595, "is_private": null, "is_verified": false, "is_blue_verified": false, "location": "مصر", "profile_pic_url": "https://pbs.twimg.com/profile_images/1892649238951059457/TiiNzDBm_normal.jpg", "profile_banner_url": "https://pbs.twimg.com/profile_banners/728699321336598529/1720626028", "description": "اي معلومة أو خبر بنشره بكون واثق  أنه صحيح \nولكن لا تثق في كلامي و ابحث بنفسك .\nتعلم أن لا تسلم عقلك لأحد مهما كان \n. اعمل ( فولو ) و اهلا بك 🌹🌹", "external_url": null, "number_of_tweets": 20446, "bot": false, "timestamp": 1462570431, "has_nft_avatar": false, "category": null, "default_profile": true, "default_profile_image": false, "listed_count": 7, "verified_type": null}, "language": "ar", "favorite_count": 1355, "retweet_count": 181, "reply_count": 247, "quote_count": 91, "retweet": false, "views": 321130, "timestamp": 1729331968, "video_view_count": null, "in_reply_to_status_id": null, "quoted_status_id": null, "binding_values": null, "expanded_url": "https://x.com/Adel14780289/status/1847578301390377119/photo/1", "retweet_tweet_id": null, "extended_entities": {"media": [{"display_url": "pic.x.com/7pQ7Dh3OPy", "expanded_url": "https://x.com/Adel14780289/status/1847578301390377119/photo/1", "id_str": "1847578299540652032", "indices": [171, 194], "media_key": "3_1847578299540652032", "media_url_https": "https://pbs.twimg.com/media/GaPqrK7XQAAy7KD.jpg", "type": "photo", "url": "https://t.co/7pQ7Dh3OPy", "ext_media_availability": {"status": "Available"}, "features": {"large": {"faces": [{"x": 286, "y": 225, "h": 38, "w": 38}, {"x": 90, "y": 246, "h": 38, "w": 38}, {"x": 414, "y": 241, "h": 43, "w": 43}]}, "medium": {"faces": [{"x": 286, "y": 225, "h": 38, "w": 38}, {"x": 90, "y": 246, "h": 38, "w": 38}, {"x": 414, "y": 241, "h": 43, "w": 43}]}, "small": {"faces": [{"x": 286, "y": 225, "h": 38, "w": 38}, {"x": 90, "y": 246, "h": 38, "w": 38}, {"x": 414, "y": 241, "h": 43, "w": 43}]}, "orig": {"faces": [{"x": 286, "y": 225, "h": 38, "w": 38}, {"x": 90, "y": 246, "h": 38, "w": 38}, {"x": 414, "y": 241, "h": 43, "w": 43}]}}, "sizes": {"large": {"h": 554, "w": 554, "resize": "fit"}, "medium": {"h": 554, "w": 554, "resize": "fit"}, "small": {"h": 554, "w": 554, "resize": "fit"}, "thumb": {"h": 150, "w": 150, "resize": "crop"}}, "original_info": {"height": 554, "width": 554, "focus_rects": [{"x": 0, "y": 244, "w": 554, "h": 310}, {"x": 0, "y": 0, "w": 554, "h": 554}, {"x": 34, "y": 0, "w": 486, "h": 554}, {"x": 139, "y": 0, "w": 277, "h": 554}, {"x": 0, "y": 0, "w": 554, "h": 554}]}}]}, "conversation_id": "1847578301390377119", "retweet_status": null, "quoted_status": null, "bookmark_count": 503, "source": "Twitter for Android", "community_note": null}
{"tweet_id": "1769772434805187058", "creation_date": "Mon Mar 18 17:06:43 +0000 2024", "text": "رئيس جامعة الأزهر يمتدح #الأزهر_الشريف بأبيات شعرية للدكتور علاء جانب، خلال الاحتفاء بمرور 1084 عام على ذكرى تأسيس #الجامع_الأزهر.. https://t.co/Y0MplqEJMW", "media_url": ["https://pbs.twimg.com/amplify_video_thumb/1769772137403777024/img/4gA2MYB76x6jQn8N.jpg"], "video_url": [{"content_type": "application/x-mpegURL", "url": "https://video.twimg.com/amplify_video/1769772137403777024/pl/T_uCJBYuHe8oU0Jb.m3u8?tag=14&v=3e2"}, {"bitrate": 632000, "content_type": "video/mp4", "url": "https://video.twimg.com/amplify_video/1769772137403777024/vid/avc1/320x568/GPYqcysl2ISfWaZg.mp4?tag=14"}, {"bitrate": 950000, "content_type": "video/mp4", "url": "https://video.twimg.com/amplify_video/1769772137403777024/vid/avc1/480x852/rp5P81PqU3YRgJDU.mp4?tag=14"}, {"bitrate": 2176000, "content_type": "video/mp4", "url": "https://video.twimg.com/amplify_video/1769772137403777024/vid/avc1/720x1280/F13um7mn4bVUmdcv.mp4?tag=14"}], "user": {"creation_date": "Thu Nov 27 13:24:29 +0000 2014", "user_id": "2894575251", "username": "AlAzhar", "name": "الأزهر الشريف", "follower_count": 648454, "following_count": 2, "favourites_count": 4, "is_private": null, "is_verified": false, "is_blue_verified": true, "location": "Cairo, Egypt", "profile_pic_url": "https://pbs.twimg.com/profile_images/1909253579031908353/Buhqwnhz_normal.jpg", "profile_banner_url": "https://pbs.twimg.com/profile_banners/2894575251/1744036499", "description": "الحساب الرسمي للأزهر الشريف", "external_url": "http://www.azhar.eg/", "number_of_tweets": 43960, "bot": false, "timestamp": 1417094669, "has_nft_avatar": false, "category": null, "default_profile": false, "default_profile_image": false, "listed_count": 559, "verified_type": null}, "language": "ar", "favorite_count": 346, "retweet_count": 43, "reply_count": 4, "quote_count": 3, "retweet": false, "views": 8886, "timestamp": 1710781603, "video_view_count": null, "in_reply_to_status_id": null, "quoted_status_id": null, "binding_values": null, "expanded_url": "https://x.com/AlAzhar/status/1769772434805187058/video/1", "retweet_tweet_id": null, "extended_entities": {"media": [{"display_url": "pic.x.com/Y0MplqEJMW", "expanded_url": "https://x.com/AlAzhar/status/1769772434805187058/video/1", "id_str": "1769772137403777024", "indices": [132, 155], "media_key": "13_1769772137403777024", "media_url_https": "https://pbs.twimg.com/amplify_video_thumb/1769772137403777024/img/4gA2MYB76x6jQn8N.jpg", "type": "video", "url": "https://t.co/Y0MplqEJMW", "additional_media_info": {"title": "رئيس جامعة الأزهر يمتدح #الأزهر_الشريف بأبيات شعرية للدكتور علاء جانب", "description": "رئيس جامعة الأزهر يمتدح #الأزهر_الشريف بأبيات شعرية للدكتور علاء جانب، خلال الاحتفاء بمرور 1084 عام على ذكرى تأسيس #الجامع_الأزهر..", "embeddable": true, "monetizable": false}, "ext_media_availability": {"status": "Available"}, "sizes": {"large": {"h": 1280, "w": 720, "resize": "fit"}, "medium": {"h": 1200, "w": 675, "resize": "fit"}, "small": {"h": 680, "w": 383, "resize": "fit"}, "thumb": {"h": 150, "w": 150, "resize": "crop"}}, "original_info": {"height": 1280, "width": 720, "focus_rects": []}, "video_info": {"aspect_ratio": [9, 16], "duration_millis": 46625, "variants": [{"content_type": "application/x-mpegURL", "url": "https://video.twimg.com/amplify_video/1769772137403777024/pl/T_uCJBYuHe8oU0Jb.m3u8?tag=14&v=3e2"}, {"bitrate": 632000, "content_type": "video/mp4", "url": "https://video.twimg.com/amplify_video/1769772137403777024/vid/avc1/320x568/GPYqcysl2ISfWaZg.mp4?tag=14"}, {"bitrate": 950000, "content_type": "video/mp4", "url": "https://video.twimg.com/amplify_video/1769772137403777024/vid/avc1/480x852/rp5P81PqU3YRgJDU.mp4?tag=14"}, {"bitrate": 2176000, "content_type": "video/mp4", "url": "https://video.twimg.com/amplify_video/1769772137403777024/vid/avc1/720x1280/F13um7mn4bVUmdcv.mp4?tag=14"}]}}]}, "conversation_id": "1769772434805187058", "retweet_status": null, "quoted_status": null, "bookmark_count": 8, "source": "Twitter Media Studio", "community_note": null}
{"tweet_id": "1876278239288873456", "creation_date": "Mon Jan 06 14:42:46 +0000 2025", "text": "الأزهر الشريف بقيادة الإمام الأكبر شيخ الأزهر الشريف هو الحصن الحصين للأمة الإسلامية.\n\nد. #أسامة_الأزهري\n#وزير_الأوقاف https://t.co/SJJ9Ft9nwv", "media_url": ["https://pbs.twimg.com/media/GgnhGqJWsAAmI3e.jpg"], "video_url": null, "user": {"creation_date": "Fri Apr 07 20:32:22 +0000 2023", "user_id": "1644437446468202536", "username": "Usamaalazhary_", "name": "Usama Alazhary أسامة الأزهري", "follower_count": 5350, "following_count": 0, "favourites_count": 0, "is_private": null, "is_verified": false, "is_blue_verified": false, "location": "Egypt", "profile_pic_url": "https://pbs.twimg.com/profile_images/1644443415122255872/6pXf3QvY_normal.jpg", "profile_banner_url": "https://pbs.twimg.com/profile_banners/1644437446468202536/1684140184", "description": "الصفحة الرسمية لوزير الأوقاف المصري", "external_url": "http://www.youtube.com/@usamaalazhary", "number_of_tweets": 1825, "bot": false, "timestamp": 1680899542, "has_nft_avatar": false, "category": null, "default_profile": true, "default_profile_image": false, "listed_count": 10, "verified_type": null}, "language": "ar", "favorite_count": 305, "retweet_count": 37, "reply_count": 14, "quote_count": 2, "retweet": false, "views": 4653, "timestamp": 1736174566, "video_view_count": null, "in_reply_to_status_id": null, "quoted_status_id": null, "binding_values": null, "expanded_url": "https://x.com/Usamaalazhary_/status/1876278239288873456/photo/1", "retweet_tweet_id": null, "extended_entities": {"media": [{"display_url": "pic.x.com/SJJ9Ft9nwv", "expanded_url": "https://x.com/Usamaalazhary_/status/1876278239288873456/photo/1", "id_str": "1876278224285511680", "indices": [119, 142], "media_key": "3_1876278224285511680", "media_url_https": "https://pbs.twimg.com/media/GgnhGqJWsAAmI3e.jpg", "type": "photo", "url": "https://t.co/SJJ9Ft9nwv", "ext_media_availability": {"status": "Available"}, "features": {"large": {"faces": [{"x": 108, "y": 263, "h": 88, "w": 88}]}, "medium": {"faces": [{"x": 108, "y": 263, "h": 88, "w": 88}]}, "small": {"faces": [{"x": 108, "y": 263, "h": 88, "w": 88}]}, "orig": {"faces": [{"x": 108, "y": 263, "h": 88, "w": 88}]}}, "sizes": {"large": {"h": 640, "w": 517, "resize": "fit"}, "medium": {"h": 640, "w": 517, "resize": "fit"}, "small": {"h": 640, "w": 517, "resize": "fit"}, "thumb": {"h": 150, "w": 150, "resize": "crop"}}, "original_info": {"height": 640, "width": 517, "focus_rects": [{"x": 0, "y": 0, "w": 517, "h": 290}, {"x": 0, "y": 0, "w": 517, "h": 517}, {"x": 0, "y": 0, "w": 517, "h": 589}, {"x": 111, "y": 0, "w": 320, "h": 640}, {"x": 0, "y": 0, "w": 517, "h": 640}]}}]}, "conversation_id": "1876278239288873456", "retweet_status": null, "quoted_status": null, "bookmark_count": 2, "source": "Twitter Web App", "community_note": null}
{"tweet_id": "1835079940037071146", "creation_date": "Sat Sep 14 22:15:26 +0000 2024", "text": "لا مش مصدقه عنيا ... الكلام ده بجد 😳\nومن مين من جامعه الازهر .. انا حاصلى error 🥴 https://t.co/VzMWaY3ZIx", "media_url": ["https://pbs.twimg.com/media/GXeDeZ4W4AAuuWa.jpg"], "video_url": null, "user": {"creation_date": "Tue Jul 05 15:24:56 +0000 2022", "user_id": "1544341435050254339", "username": "MorieMagdy", "name": "dr Morie Magdy", "follower_count": 1487, "following_count": 728, "favourites_count": 3563, "is_private": null, "is_verified": false, "is_blue_verified": false, "location": "", "profile_pic_url": "https://pbs.twimg.com/profile_images/1801578667543339008/fgui26gK_normal.jpg", "profile_banner_url": "https://pbs.twimg.com/profile_banners/1544341435050254339/1693389567", "description": "ما تهمتي؟تهمتك العروبه ،قلت لكم ما تهمتي ؟ قلنا لك العروبه ، يا ناس قولوا غيرها اسألكم عن تهمتي …. ليس عن العقوبه", "external_url": null, "number_of_tweets": 3184, "bot": false, "timestamp": 1657034696, "has_nft_avatar": false, "category": null, "default_profile": true, "default_profile_image": false, "listed_count": 2, "verified_type": null}, "language": "ar", "favorite_count": 179, "retweet_count": 31, "reply_count": 61, "quote_count": 9, "retweet": false, "views": 28020, "timestamp": 1726352126, "video_view_count": null, "in_reply_to_status_id": null, "quoted_status_id": null, "binding_values": null, "expanded_url": "https://x.com/MorieMagdy/status/1835079940037071146/photo/1", "retweet_tweet_id": null, "extended_entities": {"media": [{"display_url": "pic.x.com/VzMWaY3ZIx", "expanded_url": "https://x.com/MorieMagdy/status/1835079940037071146/photo/1", "id_str": "1835079931543347200", "indices": [82, 105], "media_key": "3_1835079931543347200", "media_url_https": "https://pbs.twimg.com/media/GXeDeZ4W4AAuuWa.jpg", "type": "photo", "url": "https://t.co/VzMWaY3ZIx", "ext_media_availability": {"status": "Available"}, "features": {"large": {"faces": [{"x": 165, "y": 274, "h": 54, "w": 54}, {"x": 677, "y": 686, "h": 120, "w": 120}]}, "medium": {"faces": [{"x": 165, "y": 274, "h": 54, "w": 54}, {"x": 677, "y": 686, "h": 120, "w": 120}]}, "small": {"faces": [{"x": 103, "y": 172, "h": 34, "w": 34}, {"x": 426, "y": 431, "h": 75, "w": 75}]}, "orig": {"faces": [{"x": 165, "y": 274, "h": 54, "w": 54}, {"x": 677, "y": 686, "h": 120, "w": 120}]}}, "sizes": {"large": {"h": 1080, "w": 1080, "resize": "fit"}, "medium": {"h": 1080, "w": 1080, "resize": "fit"}, "small": {"h": 680, "w": 680, "resize": "fit"}, "thumb": {"h": 150, "w": 150, "resize": "crop"}}, "original_info": {"height": 1080, "width": 1080, "focus_rects": [{"x": 0, "y": 157, "w": 1080, "h": 605}, {"x": 0, "y": 0, "w": 1080, "h": 1080}, {"x": 0, "y": 0, "w": 947, "h": 1080}, {"x": 81, "y": 0, "w": 540, "h": 1080}, {"x": 0, "y": 0, "w": 1080, "h": 1080}]}}]}, "conversation_id": "1835079940037071146", "retweet_status": null, "quoted_status": null, "bookmark_count": 28, "source": "Twitter for iPhone", "community_note": null}
{"tweet_id": "1862152058469499026", "creation_date": "Thu Nov 28 15:10:22 +0000 2024", "text": "📍 الكتيبة \n📍 جامعة الأزهر\n📍 الجامعة الإسلامية https://t.co/94VeegvQVi", "media_url": ["https://pbs.twimg.com/media/GdexZCVXQAAsbzI.jpg", "https://pbs.twimg.com/media/GdexaoaXoAAIgxj.jpg", "https://pbs.twimg.com/media/Gdexa_tXQAAGUtG.jpg", "https://pbs.twimg.com/media/GdexbbgWkAAjzC8.jpg"], "video_url": null, "user": {"creation_date": "Tue Oct 20 02:21:57 +0000 2020", "user_id": "1318376689181822982", "username": "daliakahlout", "name": "Dalia Kahlout", "follower_count": 2527, "following_count": 309, "favourites_count": 1565, "is_private": null, "is_verified": false, "is_blue_verified": false, "location": "Gaza", "profile_pic_url": "https://pbs.twimg.com/profile_images/1898721828744351744/2U34wRE8_normal.jpg", "profile_banner_url": "https://pbs.twimg.com/profile_banners/1318376689181822982/1691555257", "description": "strong independent woman ✨ \n                                     20 • Engineer decorations  🤎", "external_url": "https://ngl.link/dalya_kahlout2", "number_of_tweets": 1398, "bot": false, "timestamp": 1603160517, "has_nft_avatar": false, "category": null, "default_profile": true, "default_profile_image": false, "listed_count": 3, "verified_type": null}, "language": "ar", "favorite_count": 243, "retweet_count": 15, "reply_count": 19, "quote_count": 21, "retweet": false, "views": 30691, "timestamp": 1732806622, "video_view_count": null, "in_reply_to_status_id": null, "quoted_status_id": null, "binding_values": null, "expanded_url": "https://x.com/daliakahlout/status/1862152058469499026/photo/1", "retweet_tweet_id": null, "extended_entities": {"media": [{"display_url": "pic.x.com/94VeegvQVi", "expanded_url": "https://x.com/daliakahlout/status/1862152058469499026/photo/1", "id_str": "1862152014622310400", "indices": [46, 69], "media_key": "3_1862152014622310400", "media_url_https": "https://pbs.twimg.com/media/GdexZCVXQAAsbzI.jpg", "type": "photo", "url": "https://t.co/94VeegvQVi", "ext_media_availability": {"status": "Available"}, "features": {"large": {"faces": [{"x": 660, "y": 1362, "h": 82, "w": 82}]}, "medium": {"faces": [{"x": 447, "y": 923, "h": 55, "w": 55}]}, "small": {"faces": [{"x": 253, "y": 523, "h": 31, "w": 31}]}, "orig": {"faces": [{"x": 660, "y": 1362, "h": 82, "w": 82}]}}, "sizes": {"large": {"h": 1770, "w": 1440, "resize": "fit"}, "medium": {"h": 1200, "w": 976, "resize": "fit"}, "small": {"h": 680, "w": 553, "resize": "fit"}, "thumb": {"h": 150, "w": 150, "resize": "crop"}}, "original_info": {"height": 1770, "width": 1440, "focus_rects": [{"x": 0, "y": 526, "w": 1440, "h": 806}, {"x": 0, "y": 209, "w": 1440, "h": 1440}, {"x": 0, "y": 108, "w": 1440, "h": 1642}, {"x": 555, "y": 0, "w": 885, "h": 1770}, {"x": 0, "y": 0, "w": 1440, "h": 1770}]}}, {"display_url": "pic.x.com/94VeegvQVi", "expanded_url": "https://x.com/daliakahlout/status/1862152058469499026/photo/1", "id_str": "1862152042023723008", "indices": [46, 69], "media_key": "3_1862152042023723008", "media_url_https": "https://pbs.twimg.com/media/GdexaoaXoAAIgxj.jpg", "type": "photo", "url": "https://t.co/94VeegvQVi", "ext_media_availability": {"status": "Available"}, "features": {"large": {"faces": []}, "medium": {"faces": []}, "small": {"faces": []}, "orig": {"faces": []}}, "sizes": {"large": {"h": 2048, "w": 1662, "resize": "fit"}, "medium": {"h": 1200, "w": 974, "resize": "fit"}, "small": {"h": 680, "w": 552, "resize": "fit"}, "thumb": {"h": 150, "w": 150, "resize": "crop"}}, "original_info": {"height": 2048, "width": 1662, "focus_rects": [{"x": 0, "y": 608, "w": 1662, "h": 931}, {"x": 0, "y": 242, "w": 1662, "h": 1662}, {"x": 0, "y": 126, "w": 1662, "h": 1895}, {"x": 561, "y": 0, "w": 1024, "h": 2048}, {"x": 0, "y": 0, "w": 1662, "h": 2048}]}}, {"display_url": "pic.x.com/94VeegvQVi", "expanded_url": "https://x.com/daliakahlout/status/1862152058469499026/photo/1", "id_str": "1862152048277405696", "indices": [46, 69], "media_key": "3_1862152048277405696", "media_url_https": "https://pbs.twimg.com/media/Gdexa_tXQAAGUtG.jpg", "type": "photo", "url": "https://t.co/94VeegvQVi", "ext_media_availability": {"status": "Available"}, "features": {"large": {"faces": []}, "medium": {"faces": []}, "small": {"faces": []}, "orig": {"faces": []}}, "sizes": {"large": {"h": 2022, "w": 1440, "resize": "fit"}, "medium": {"h": 1200, "w": 855, "resize": "fit"}, "small": {"h": 680, "w": 484, "resize": "fit"}, "thumb": {"h": 150, "w": 150, "resize": "crop"}}, "original_info": {"height": 2022, "width": 1440, "focus_rects": [{"x": 0, "y": 759, "w": 1440, "h": 806}, {"x": 0, "y": 442, "w": 1440, "h": 1440}, {"x": 0, "y": 341, "w": 1440, "h": 1642}, {"x": 429, "y": 0, "w": 1011, "h": 2022}, {"x": 0, "y": 0, "w": 1440, "h": 2022}]}}, {"display_url": "pic.x.com/94VeegvQVi", "expanded_url": "https://x.com/daliakahlout/status/1862152058469499026/photo/1", "id_str": "1862152055739027456", "indices": [46, 69], "media_key": "3_1862152055739027456", "media_url_https": "https://pbs.twimg.com/media/GdexbbgWkAAjzC8.jpg", "type": "photo", "url": "https://t.co/94VeegvQVi", "ext_media_availability": {"status": "Available"}, "features": {"large": {"faces": []}, "medium": {"faces": []}, "small": {"faces": []}, "orig": {"faces": []}}, "sizes": {"large": {"h": 2048, "w": 1376, "resize": "fit"}, "medium": {"h": 1200, "w": 806, "resize": "fit"}, "small": {"h": 680, "w": 457, "resize": "fit"}, "thumb": {"h": 150, "w": 150, "resize": "crop"}}, "original_info": {"height": 2144, "width": 1440, "focus_rects": [{"x": 0, "y": 936, "w": 1440, "h": 806}, {"x": 0, "y": 619, "w": 1440, "h": 1440}, {"x": 0, "y": 502, "w": 1440, "h": 1642}, {"x": 368, "y": 0, "w": 1072, "h": 2144}, {"x": 0, "y": 0, "w": 1440, "h": 2144}]}}]}, "conversation_id": "1862152058469499026", "retweet_status": null, "quoted_status": null, "bookmark_count": 32, "source": "Twitter for Android", "community_note": null}
{"tweet_id": "1863819966442590291", "creation_date": "Tue Dec 03 05:38:02 +0000 2024", "text": "الطفل الحبيب محمد أيمن السكافي\nوالده الدكتور والمحاضر في جامعة الأزهر أيمن السكافي والذي اعتقله الاحتلال الإسرائيلي خلال اجتياحه لمستشفى العودة..\nفقد هذا الطفل والدته أيضا قبل شهور..\n\nمحمد وحيد والده ووالدته على أخواته البنات..\n\nمحمد أصيب قبل أيام بعد اجبار عائلته على النزوح من تل الزعتر شمال غزة وبعد مرورهم وتفتيشهم على الحاجز تم إطلاق النار عليهم ..\n\nاخترقت 5 رصاصات جسد محمد الهزيل وهو الأن يصارع الموت في قسم العناية المركزة بعد اجرائه عدة عمليات لمحاولات وقف النزيف..\n\nدعواتكم له بالشفاء وحسبنا الله ونعم الوكيل\n\nThe beloved child Muhammad Ayman Al-Sakafi\nHis father is Dr. and lecturer at Al-Azhar University Ayman Al-Sakafi, who was arrested by the Israeli occupation during its invasion of Al-Awda Hospital..\nThis child also lost his mother months ago..\n\nMuhammad is the only child of his father and mother, with his sisters..\n\nMuhammad was injured a few days ago after his family was forced to flee from Tel Al-Zaatar, north of Gaza, and after they passed and were searched at the checkpoint, they were shot..\n\n5 bullets penetrated Muhammad's frail body, and he is now fighting for his life in the intensive care unit after undergoing several operations to try to stop the bleeding..\n\nPlease pray for his recovery, and God is sufficient for us, and He is the best Disposer of affairs", "media_url": ["https://pbs.twimg.com/media/Gd2eX8nW8AADcLZ.jpg"], "video_url": null, "user": {"creation_date": "Thu Apr 16 22:42:15 +0000 2015", "user_id": "3160267375", "username": "AbdSabbah91", "name": "عبد القادر صباح", "follower_count": 18211, "following_count": 136, "favourites_count": 1788, "is_private": null, "is_verified": false, "is_blue_verified": true, "location": "Palestine, Gaza", "profile_pic_url": "https://pbs.twimg.com/profile_images/1817525125261983744/iZ9wb5or_normal.jpg", "profile_banner_url": "https://pbs.twimg.com/profile_banners/3160267375/1668291879", "description": "صحفي فلسطيني من مخيم جباليا شمال غزة A Palestinian photographer from Jabalia camp, north of Gaza", "external_url": "https://www.instagram.com/abd.sabbah/", "number_of_tweets": 1376, "bot": false, "timestamp": 1429224135, "has_nft_avatar": false, "category": null, "default_profile": true, "default_profile_image": false, "listed_count": 64, "verified_type": null}, "language": "ar", "favorite_count": 1274, "retweet_count": 813, "reply_count": 159, "quote_count": 40, "retweet": false, "views": 33836, "timestamp": 1733204282, "video_view_count": null, "in_reply_to_status_id": null, "quoted_status_id": null, "binding_values": null, "expanded_url": "https://x.com/AbdSabbah91/status/1863819966442590291/photo/1", "retweet_tweet_id": null, "extended_entities": {"media": [{"display_url": "pic.x.com/oUxs5XJnIL", "expanded_url": "https://x.com/AbdSabbah91/status/1863819966442590291/photo/1", "id_str": "1863819955046641664", "indices": [279, 302], "media_key": "3_1863819955046641664", "media_url_https": "https://pbs.twimg.com/media/Gd2eX8nW8AADcLZ.jpg", "type": "photo", "url": "https://t.co/oUxs5XJnIL", "ext_media_availability": {"status": "Available"}, "features": {"large": {"faces": [{"x": 315, "y": 228, "h": 300, "w": 300}]}, "medium": {"faces": [{"x": 295, "y": 213, "h": 281, "w": 281}]}, "small": {"faces": [{"x": 167, "y": 121, "h": 159, "w": 159}]}, "orig": {"faces": [{"x": 315, "y": 228, "h": 300, "w": 300}]}}, "sizes": {"large": {"h": 1280, "w": 958, "resize": "fit"}, "medium": {"h": 1200, "w": 898, "resize": "fit"}, "small": {"h": 680, "w": 509, "resize": "fit"}, "thumb": {"h": 150, "w": 150, "resize": "crop"}}, "original_info": {"height": 1280, "width": 958, "focus_rects": [{"x": 0, "y": 83, "w": 958, "h": 536}, {"x": 0, "y": 0, "w": 958, "h": 958}, {"x": 0, "y": 0, "w": 958, "h": 1092}, {"x": 159, "y": 0, "w": 640, "h": 1280}, {"x": 0, "y": 0, "w": 958, "h": 1280}]}}]}, "conversation_id": "1863819966442590291", "retweet_status": null, "quoted_status": null, "bookmark_count": 27, "source": "Twitter for iPhone", "community_note": null}
{"tweet_id": "1811399583500485093", "creation_date": "Thu Jul 11 13:58:09 +0000 2024", "text": "جانبٌ من اللقاء الجماهيري الحاشد الذي نظَّمته جامعة شريف هداية الله الإسلامية الحكومية في جاكرتا لاستقبال #شيخ_الأزهر؛ حيث حاضر فيها فضيلته شباب #إندونيسيا وعلماءها حول محوريَّة وحدة الأمة في مواجهة التَّحديات، وذلك بحضور عددٍ من الوزراء والسفراء ورؤساء المؤسَّسات الدينية، وأساتذة الجامعة وباحثيها والطلاب الإندونيسيين من مختلف الجامعات.", "media_url": ["https://pbs.twimg.com/ext_tw_video_thumb/1811378232639549440/pu/img/MkCanPN-gKw1Xj7X.jpg"], "video_url": [{"content_type": "application/x-mpegURL", "url": "https://video.twimg.com/ext_tw_video/1811378232639549440/pu/pl/ozYO70HoudKCiBWf.m3u8?tag=12&v=21e"}, {"bitrate": 256000, "content_type": "video/mp4", "url": "https://video.twimg.com/ext_tw_video/1811378232639549440/pu/vid/avc1/480x270/zsZnELjgPU2uV7fW.mp4?tag=12"}, {"bitrate": 832000, "content_type": "video/mp4", "url": "https://video.twimg.com/ext_tw_video/1811378232639549440/pu/vid/avc1/640x360/Xy7HNubAJ4xM8P7S.mp4?tag=12"}, {"bitrate": 2176000, "content_type": "video/mp4", "url": "https://video.twimg.com/ext_tw_video/1811378232639549440/pu/vid/avc1/1280x720/ssUxxpE2Nc4YFv3v.mp4?tag=12"}], "user": {"creation_date": "Thu Nov 27 13:24:29 +0000 2014", "user_id": "2894575251", "username": "AlAzhar", "name": "الأزهر الشريف", "follower_count": 648454, "following_count": 2, "favourites_count": 4, "is_private": null, "is_verified": false, "is_blue_verified": true, "location": "Cairo, Egypt", "profile_pic_url": "https://pbs.twimg.com/profile_images/1909253579031908353/Buhqwnhz_normal.jpg", "profile_banner_url": "https://pbs.twimg.com/profile_banners/2894575251/1744036499", "description": "الحساب الرسمي للأزهر الشريف", "external_url": "http://www.azhar.eg/", "number_of_tweets": 43960, "bot": false, "timestamp": 1417094669, "has_nft_avatar": false, "category": null, "default_profile": false, "default_profile_image": false, "listed_count": 559, "verified_type": null}, "language": "ar", "favorite_count": 901, "retweet_count": 132, "reply_count": 13, "quote_count": 25, "retweet": false, "views": 30023, "timestamp": 1720706289, "video_view_count": null, "in_reply_to_status_id": null, "quoted_status_id": null, "binding_values": null, "expanded_url": "https://x.com/AlAzhar/status/1811399583500485093/video/1", "retweet_tweet_id": null, "extended_entities": {"media": [{"display_url": "pic.x.com/QSpg3SNcGO", "expanded_url": "https://x.com/AlAzhar/status/1811399583500485093/video/1", "id_str": "1811378232639549440", "indices": [274, 297], "media_key": "7_1811378232639549440", "media_url_https": "https://pbs.twimg.com/ext_tw_video_thumb/1811378232639549440/pu/img/MkCanPN-gKw1Xj7X.jpg", "type": "video", "url": "https://t.co/QSpg3SNcGO", "additional_media_info": {"monetizable": false}, "ext_media_availability": {"status": "Available"}, "sizes": {"large": {"h": 1080, "w": 1920, "resize": "fit"}, "medium": {"h": 675, "w": 1200, "resize": "fit"}, "small": {"h": 383, "w": 680, "resize": "fit"}, "thumb": {"h": 150, "w": 150, "resize": "crop"}}, "original_info": {"height": 1080, "width": 1920, "focus_rects": []}, "video_info": {"aspect_ratio": [16, 9], "duration_millis": 162280, "variants": [{"content_type": "application/x-mpegURL", "url": "https://video.twimg.com/ext_tw_video/1811378232639549440/pu/pl/ozYO70HoudKCiBWf.m3u8?tag=12&v=21e"}, {"bitrate": 256000, "content_type": "video/mp4", "url": "https://video.twimg.com/ext_tw_video/1811378232639549440/pu/vid/avc1/480x270/zsZnELjgPU2uV7fW.mp4?tag=12"}, {"bitrate": 832000, "content_type": "video/mp4", "url": "https://video.twimg.com/ext_tw_video/1811378232639549440/pu/vid/avc1/640x360/Xy7HNubAJ4xM8P7S.mp4?tag=12"}, {"bitrate": 2176000, "content_type": "video/mp4", "url": "https://video.twimg.com/ext_tw_video/1811378232639549440/pu/vid/avc1/1280x720/ssUxxpE2Nc4YFv3v.mp4?tag=12"}]}}]}, "conversation_id": "1811399583500485093", "retweet_status": null, "quoted_status": null, "bookmark_count": 17, "source": "Twitter Web App", "community_note": null}
{"tweet_id": "1826288278502289625", "creation_date": "Wed Aug 21 16:00:31 +0000 2024", "text": "مش فاهم والله انت ازاي استاذه شريعه في جامعه الازهر انت ممكن تكوني استاذه في الشريعه النصرانيه https://t.co/H6Q2oF5y57", "media_url": ["https://pbs.twimg.com/media/GVhHgJVWsAAkgU3.jpg"], "video_url": null, "user": {"creation_date": "Sat Oct 09 08:24:49 +0000 2021", "user_id": "1446753402994712576", "username": "Hkim303", "name": "حكيـــم", "follower_count": 6184, "following_count": 5470, "favourites_count": 45569, "is_private": null, "is_verified": false, "is_blue_verified": false, "location": "مصر ", "profile_pic_url": "https://pbs.twimg.com/profile_images/1903484855880429568/y9ndruNz_normal.jpg", "profile_banner_url": "https://pbs.twimg.com/profile_banners/1446753402994712576/1738665396", "description": "ما قيمه النّاس إلا في مبادئهم \nلا المال يبقى ولا الألقابُ والرّتبُ", "external_url": null, "number_of_tweets": 30507, "bot": false, "timestamp": 1633767889, "has_nft_avatar": false, "category": null, "default_profile": true, "default_profile_image": false, "listed_count": 0, "verified_type": null}, "language": "ar", "favorite_count": 259, "retweet_count": 21, "reply_count": 155, "quote_count": 10, "retweet": false, "views": 12936, "timestamp": 1724256031, "video_view_count": null, "in_reply_to_status_id": null, "quoted_status_id": null, "binding_values": null, "expanded_url": "https://x.com/yacyn12/status/1826288278502289625/photo/1", "retweet_tweet_id": null, "extended_entities": {"media": [{"display_url": "pic.x.com/H6Q2oF5y57", "expanded_url": "https://x.com/yacyn12/status/1826288278502289625/photo/1", "id_str": "1826288266485608448", "indices": [95, 118], "media_key": "3_1826288266485608448", "media_url_https": "https://pbs.twimg.com/media/GVhHgJVWsAAkgU3.jpg", "type": "photo", "url": "https://t.co/H6Q2oF5y57", "ext_media_availability": {"status": "Available"}, "features": {"large": {"faces": [{"x": 136, "y": 226, "h": 266, "w": 266}, {"x": 491, "y": 342, "h": 282, "w": 282}]}, "medium": {"faces": [{"x": 136, "y": 226, "h": 266, "w": 266}, {"x": 491, "y": 342, "h": 282, "w": 282}]}, "small": {"faces": [{"x": 85, "y": 142, "h": 167, "w": 167}, {"x": 309, "y": 215, "h": 177, "w": 177}]}, "orig": {"faces": [{"x": 136, "y": 226, "h": 266, "w": 266}, {"x": 491, "y": 342, "h": 282, "w": 282}]}}, "sizes": {"large": {"h": 1080, "w": 1080, "resize": "fit"}, "medium": {"h": 1080, "w": 1080, "resize": "fit"}, "small": {"h": 680, "w": 680, "resize": "fit"}, "thumb": {"h": 150, "w": 150, "resize": "crop"}}, "original_info": {"height": 1080, "width": 1080, "focus_rects": [{"x": 0, "y": 319, "w": 1080, "h": 605}, {"x": 0, "y": 0, "w": 1080, "h": 1080}, {"x": 133, "y": 0, "w": 947, "h": 1080}, {"x": 540, "y": 0, "w": 540, "h": 1080}, {"x": 0, "y": 0, "w": 1080, "h": 1080}]}}]}, "conversation_id": "1826288278502289625", "retweet_status": null, "quoted_status": null, "bookmark_count": 6, "source": "Twitter for Android", "community_note": null}
{"tweet_id": "1876595528110325881", "creation_date": "Tue Jan 07 11:43:34 +0000 2025", "text": "جامعة الأزهر الحبيبة:) https://t.co/XGYNAsKfrT", "media_url": ["https://pbs.twimg.com/media/GgsBgE_XsAAiqwm.jpg", "https://pbs.twimg.com/media/GgsBgE_XYAAvL4Y.jpg"], "video_url": null, "user": {"creation_date": "Tue Apr 09 20:35:57 +0000 2024", "user_id": "1777797528995479553", "username": "Maryam_M_salem", "name": "مَـريَم𓂆", "follower_count": 473, "following_count": 986, "favourites_count": 7389, "is_private": null, "is_verified": false, "is_blue_verified": false, "location": "", "profile_pic_url": "https://pbs.twimg.com/profile_images/1881768620570615808/HDhHAwpM_normal.jpg", "profile_banner_url": "https://pbs.twimg.com/profile_banners/1777797528995479553/1722604716", "description": "نفوسنا جميعًا تتوق إلي بيت المقدس .. يارب مريم تصلي في الأقصى في عافية.", "external_url": null, "number_of_tweets": 1289, "bot": false, "timestamp": 1712694957, "has_nft_avatar": false, "category": null, "default_profile": true, "default_profile_image": false, "listed_count": 1, "verified_type": null}, "language": "ar", "favorite_count": 964, "retweet_count": 25, "reply_count": 22, "quote_count": 25, "retweet": false, "views": 83930, "timestamp": 1736250214, "video_view_count": null, "in_reply_to_status_id": null, "quoted_status_id": "1876573882154697054", "binding_values": null, "expanded_url": "https://x.com/Maryam_M_salem/status/1876595528110325881/photo/1", "retweet_tweet_id": null, "extended_entities": {"media": [{"display_url": "pic.x.com/9ZxoiKYs68", "expanded_url": "https://x.com/ahmad_e_b/status/1876573882154697054/photo/1", "id_str": "1876571453778214912", "indices": [53, 76], "media_key": "3_1876571453778214912", "media_url_https": "https://pbs.twimg.com/media/Ggrry3IWwAA3GUt.jpg", "type": "photo", "url": "https://t.co/9ZxoiKYs68", "ext_media_availability": {"status": "Available"}, "features": {"large": {"faces": [{"x": 20, "y": 572, "h": 105, "w": 105}]}, "medium": {"faces": [{"x": 18, "y": 536, "h": 98, "w": 98}]}, "small": {"faces": [{"x": 10, "y": 303, "h": 55, "w": 55}]}, "orig": {"faces": [{"x": 20, "y": 572, "h": 105, "w": 105}]}}, "sizes": {"large": {"h": 1280, "w": 721, "resize": "fit"}, "medium": {"h": 1200, "w": 676, "resize": "fit"}, "small": {"h": 680, "w": 383, "resize": "fit"}, "thumb": {"h": 150, "w": 150, "resize": "crop"}}, "original_info": {"height": 1280, "width": 721, "focus_rects": [{"x": 0, "y": 214, "w": 721, "h": 404}, {"x": 0, "y": 56, "w": 721, "h": 721}, {"x": 0, "y": 5, "w": 721, "h": 822}, {"x": 0, "y": 0, "w": 640, "h": 1280}, {"x": 0, "y": 0, "w": 721, "h": 1280}]}}]}, "conversation_id": "1876595528110325881", "retweet_status": null, "quoted_status": {"tweet_id": "1876573882154697054", "creation_date": "Tue Jan 07 10:17:33 +0000 2025", "text": "البناء المنهجي في طرقات اللاذقية ..\n\n#البناء_المنهجي https://t.co/9ZxoiKYs68", "media_url": null, "video_url": null, "user": {"creation_date": "Wed Jun 10 10:21:23 +0000 2015", "user_id": "3241272823", "username": "ahmad_e_b", "name": "أحمَـد 𓂆", "follower_count": 43982, "following_count": 164, "favourites_count": 1187, "is_private": null, "is_verified": false, "is_blue_verified": true, "location": "عسى ربي أن يهديني سواء السبيل", "profile_pic_url": "https://pbs.twimg.com/profile_images/1744726179868028928/lg3Dui1w_normal.jpg", "profile_banner_url": "https://pbs.twimg.com/profile_banners/3241272823/1622035386", "description": "نُحاول مجداً أو نموتَ فنعذرَا ..", "external_url": null, "number_of_tweets": 2121, "bot": false, "timestamp": 1433931683, "has_nft_avatar": false, "category": null, "default_profile": true, "default_profile_image": false, "listed_count": 21, "verified_type": null}, "language": "ar", "favorite_count": 3615, "retweet_count": 366, "reply_count": 100, "quote_count": 166, "retweet": false, "views": null, "timestamp": 1736245053, "video_view_count": null, "in_reply_to_status_id": null, "quoted_status_id": null, "binding_values": null, "expanded_url": null, "retweet_tweet_id": null, "extended_entities": null, "conversation_id": "1876573882154697054", "retweet_status": null, "quoted_status": null, "bookmark_count": 221, "source": null, "community_note": null}, "bookmark_count": 64, "source": "Twitter for Android", "community_note": null}
{"tweet_id": "1863239141648957594", "creation_date": "Sun Dec 01 15:10:03 +0000 2024", "text": "بعد أشهر من فقدان آثاره، العثور على جثـمـان الشـ،ـهيد الحافظ لكتاب الله الأستاذ عاهد زكريا أبو العطا \"أبو مسلم\" في جامعة الأزهر وقد دُفن بفعل آليات الـعـدو. https://t.co/5LmbdvtgqL", "media_url": ["https://pbs.twimg.com/media/GduOHwnWYAAfoqG.jpg"], "video_url": null, "user": {"creation_date": "Sun Jul 09 22:31:09 +0000 2023", "user_id": "1678169773841035267", "username": "Qadeyah1", "name": "ق.ض", "follower_count": 19556, "following_count": 1, "favourites_count": 221, "is_private": null, "is_verified": false, "is_blue_verified": false, "location": "", "profile_pic_url": "https://pbs.twimg.com/profile_images/1678170113160228865/TM9IeRmj_normal.jpg", "profile_banner_url": "https://pbs.twimg.com/profile_banners/1678169773841035267/1688942337", "description": "منصة إعلامية معرفية مختصة في قضايا الشهداء.", "external_url": "https://www.instagram.com/qadeyah1?igsh=MWc5eGN3cTR6cXM4dw==", "number_of_tweets": 13277, "bot": false, "timestamp": 1688941869, "has_nft_avatar": false, "category": null, "default_profile": true, "default_profile_image": false, "listed_count": 48, "verified_type": null}, "language": "ar", "favorite_count": 529, "retweet_count": 217, "reply_count": 28, "quote_count": 6, "retweet": false, "views": 6738, "timestamp": 1733065803, "video_view_count": null, "in_reply_to_status_id": null, "quoted_status_id": null, "binding_values": null, "expanded_url": "https://x.com/Qadeyah1/status/1863239141648957594/photo/1", "retweet_tweet_id": null, "extended_entities": {"media": [{"display_url": "pic.x.com/5LmbdvtgqL", "expanded_url": "https://x.com/Qadeyah1/status/1863239141648957594/photo/1", "id_str": "1863239134808006656", "indices": [157, 180], "media_key": "3_1863239134808006656", "media_url_https": "https://pbs.twimg.com/media/GduOHwnWYAAfoqG.jpg", "type": "photo", "url": "https://t.co/5LmbdvtgqL", "ext_media_availability": {"status": "Available"}, "features": {"large": {"faces": [{"x": 108, "y": 106, "h": 286, "w": 286}]}, "medium": {"faces": [{"x": 108, "y": 106, "h": 286, "w": 286}]}, "small": {"faces": [{"x": 90, "y": 89, "h": 240, "w": 240}]}, "orig": {"faces": [{"x": 108, "y": 106, "h": 286, "w": 286}]}}, "sizes": {"large": {"h": 808, "w": 647, "resize": "fit"}, "medium": {"h": 808, "w": 647, "resize": "fit"}, "small": {"h": 680, "w": 545, "resize": "fit"}, "thumb": {"h": 150, "w": 150, "resize": "crop"}}, "original_info": {"height": 808, "width": 647, "focus_rects": [{"x": 0, "y": 81, "w": 647, "h": 362}, {"x": 0, "y": 0, "w": 647, "h": 647}, {"x": 0, "y": 0, "w": 647, "h": 738}, {"x": 60, "y": 0, "w": 404, "h": 808}, {"x": 0, "y": 0, "w": 647, "h": 808}]}}]}, "conversation_id": "1863239141648957594", "retweet_status": null, "quoted_status": null, "bookmark_count": 7, "source": "Twitter for iPhone", "community_note": null}
