[
    {
        "url": "https://twitter154.p.rapidapi.com/search/search/continuation",
        "x-rapidapi-key": "fea1afa9c3mshf777178bac0978ap16711ejsn8702cc962fdb",
        "x-rapidapi-host": "twitter154.p.rapidapi.com",
        "Avilabe_requests_per_month": 481
    },
    {
        "url": "https://twitter154.p.rapidapi.com/search/search/continuation",
        "x-rapidapi-key": "29933ad7edmshea00ba5696d922ap1c93c6jsn37d16eba9908",
        "x-rapidapi-host": "twitter154.p.rapidapi.com",
        "Avilabe_requests_per_month": 500
    },
    {
        "url": "https://twitter154.p.rapidapi.com/search/search/continuation",
        "x-rapidapi-key": "e656931515mshe502fa853ef69b8p1c11d1jsn2d0831de2e3a",
        "x-rapidapi-host": "twitter154.p.rapidapi.com",
        "Avilabe_requests_per_month": 100
    },
    {
        "url": "https://twitter154.p.rapidapi.com/search/search/continuation",
        "x-rapidapi-key": "365a180c9cmsh2c983b4806e55cbp1502cfjsnd0c72f4a2d84",
        "x-rapidapi-host": "twitter154.p.rapidapi.com",
        "Avilabe_requests_per_month": 100
    }
]