[
    {
        "post_id":1181145393798096,
        "type":"post",
        "url":"https:\/\/www.facebook.com\/codealegria\/posts\/1181145393798096",
        "message":"اكواد فودافون مصر الاساسيه الاستعلام عن الرقم الاستعلام عن الرصيد اشتراك باقات الانترنت اشتراك ضعف الباقه اشتراك كول تون او كود الاغنيه الغاء كول تون الاتصال ب او الغاء الرساءل الاخباريه ابعت كلمه معلومات علي رقم انظمه فودافون عروض فودافون خدمه عملاء فودافون الحصول علي ركز ال اتصل رقم الموبايل من اي خط فودافون اخر تحويل الرصيد المبلغ الرقم او سلفني شكرا كلمني شكرا رقم التلفون ادفعلي شكرا رقم الهاتف الاكواد المختصره فودافون التاريخ والساعه اخر مكالمه سابقه نقاط فودافون وان خدمه لايف لتشغيل خدمه التجوال لمعرفه متبقي كام دقيقه او فليكس بعد كل مكالمه بقرش لكل مره لمعرفه متبقي كام دقيقه او فليكس بعد كل مكالمه ب جنيه في الشهر الكود الموحد للتحكم في كافه الخدمات علي خطك الغاء والتحكم في خدمات الرسايل الترفيهيه والاخباريه اكواد فودافون",
        "timestamp":"07\/04\/2025",
        "comments_count":4,
        "reactions_count":240,
        "reshare_count":107,
        "author_id":"100057079405145",
        "author_name":"مدونة الثقافة القانونية",
        "author_url":"https:\/\/www.facebook.com\/codealegria",
        "author_profile_picture_url":"https:\/\/scontent.fsgn8-4.fna.fbcdn.net\/v\/t39.30808-1\/396714409_836163188296320_1082153245947916371_n.jpg?stp=cp0_dst-jpg_s80x80_tt6&_nc_cat=1&ccb=1-7&_nc_sid=2d3e12&_nc_ohc=2CJjuTxQn94Q7kNvwHOMzwD&_nc_oc=Adkp2gwgS5p5sJF3qGx0vaXdaw9mIHnSjC13du7aCq_HYRlVgjDE2uSN3NwyhrmdCA8&_nc_zt=24&_nc_ht=scontent.fsgn8-4.fna&_nc_gid=Jmk2FcYdkX0OVCER2z-grw&oh=00_AfNmcf-y8FbczkfRGYW0HTBTaePKykuHqKr1KzY7GXF7jQ&oe=685DFAB0",
        "reactions_angry":0,
        "reactions_care":1,
        "reactions_haha":1,
        "reactions_like":234,
        "reactions_love":4,
        "reactions_sad":0,
        "reactions_wow":0
    },
    {
        "post_id":685345977410129,
        "type":"post",
        "url":"https:\/\/www.facebook.com\/permalink.php?story_fbid=685345977410129&id=100078041975718",
        "message":"اكواد هامه خاصه بشركه فودافون مصر اهم الاكواد الاستعلام عن الرقم الاستعلام عن الرصيد اشتراك باقات الانترنت اشتراك ضعف الباقه اشتراك كول تون او كود الاغنيه الغاء كول تون الاتصال ب او رقم انظمه فودافون عروض فودافون خدمه عملاء فودافون الحصول علي رمز ال تحويل الرصيد المبلغ الرقم او سلفني شكرا كلمني شكرا رقم التلفون ادفعلي شكرا رقم الهاتف الاكواد المختصره فودافون التاريخ والساعه اخر مكالمه سابقه لتشغيل خدمه التجوال لمعرفه متبقي كام دقيقه او فليكس بعد كل مكالمه بقرش لكل مره لمعرفه متبقي كام دقيقه او فليكس بعد كل مكالمه ب جنيه في الشهر الغاء والتحكم في خدمات الرسايل الترفيهيه والاخباريه لشرح الرصيد الغاء باقه الانترنت معرفه المديونيه الاستعلام عن رصيد الكاش تغيير الرقم السري الخاص بالمحفظه الرقم المبلغ تحويل كاش خدمه عملاء فودافون كاش",
        "timestamp":"26\/04\/2025",
        "comments_count":34,
        "reactions_count":390,
        "reshare_count":239,
        "author_id":"100078041975718",
        "author_name":"بوابة مصر للتحول الرقمي",
        "author_url":"https:\/\/www.facebook.com\/people\/%D8%A8%D9%88%D8%A7%D8%A8%D8%A9-%D9%85%D8%B5%D8%B1-%D9%84%D9%84%D8%AA%D8%AD%D9%88%D9%84-%D8%A7%D9%84%D8%B1%D9%82%D9%85%D9%8A\/100078041975718\/",
        "author_profile_picture_url":"https:\/\/scontent.fsgn8-4.fna.fbcdn.net\/v\/t39.30808-1\/462705617_544663098145085_8265277611279443730_n.jpg?stp=c0.0.572.574a_cp0_dst-jpg_s80x80_tt6&_nc_cat=1&ccb=1-7&_nc_sid=2d3e12&_nc_ohc=PCxAGBN2OOEQ7kNvwH2ogrO&_nc_oc=AdmQxgaEJo1mICZ6TpYTnFFGTPOjkscxqGPFHplPilwNR3gfHcepCLN2QQ6plTbFSI0&_nc_zt=24&_nc_ht=scontent.fsgn8-4.fna&_nc_gid=Jmk2FcYdkX0OVCER2z-grw&oh=00_AfPBNG-6TVwrqcY_7FXZb06VTTx0WVghY391rUIKLf6oCQ&oe=685DFEE6",
        "reactions_angry":1,
        "reactions_care":2,
        "reactions_haha":0,
        "reactions_like":377,
        "reactions_love":10,
        "reactions_sad":0,
        "reactions_wow":0
    },
    {
        "post_id":1246608573767084,
        "type":"post",
        "url":"https:\/\/www.facebook.com\/groups\/1186292313132044\/posts\/1246608573767084\/",
        "message":"باقات فودافون ريد وفليكس والعيله جيجا دقيقه ب جيجا دقيقه ب جيجا دقيقه ب جيجا دقيقه ب جيجا دقيقه ب جيجا دقيقه ب جيجا دقيقه ب جيجا دقيقه دقيقه مكالمات دوليه ب",
        "timestamp":"25\/05\/2025",
        "comments_count":44,
        "reactions_count":10,
        "reshare_count":0,
        "author_id":"pfbid07phvLYMnYkDeSw7GemC4BQQ6aM4rtQ99165EuZpvXYmEbRX6oMHwZx61him91swol",
        "author_name":"Sensory Blessings",
        "author_url":null,
        "author_profile_picture_url":"https:\/\/scontent.fsgn8-4.fna.fbcdn.net\/v\/t39.30808-1\/510994313_122139762548765821_5709117163956818319_n.jpg?stp=cp0_dst-jpg_s48x48_tt6&_nc_cat=108&ccb=1-7&_nc_sid=e99d92&_nc_ohc=ee_byjfx2s0Q7kNvwH-pcPT&_nc_oc=AdligqiQOT8UKzzeBO-YDHZO_1AM6iJYzR5zf98PFTdOlP4UqrPIBeeD2OSv5UwQZlY&_nc_zt=24&_nc_ht=scontent.fsgn8-4.fna&_nc_gid=Jmk2FcYdkX0OVCER2z-grw&oh=00_AfNhlxVOjuzZMTxriJOCaHhOkGtuL-OU8FWjAGR3wYf-qg&oe=685E1215",
        "reactions_angry":0,
        "reactions_care":0,
        "reactions_haha":2,
        "reactions_like":8,
        "reactions_love":0,
        "reactions_sad":0,
        "reactions_wow":0
    },
    {
        "post_id":2972799222890223,
        "type":"post",
        "url":"https:\/\/www.facebook.com\/groups\/294810767355762\/posts\/2972799222890223\/",
        "message":"السلام عليكم خط فودافون بكام لان كل فرع بسعر",
        "timestamp":"18\/06\/2025",
        "comments_count":41,
        "reactions_count":19,
        "reshare_count":0,
        "author_id":"pfbid04Nxid6b6Q6WpNtjsQGCdwuo562bchPYEhiCUSmyxfNNhE3om4jHy4z9hbQjjvs84l",
        "author_name":"Aya Marzouk",
        "author_url":"https:\/\/www.facebook.com\/Aya.marzouk27",
        "author_profile_picture_url":"https:\/\/scontent.fhan5-6.fna.fbcdn.net\/v\/t39.30808-1\/476305457_1664414344145205_3064139710034874631_n.jpg?stp=cp0_dst-jpg_s48x48_tt6&_nc_cat=105&ccb=1-7&_nc_sid=e99d92&_nc_ohc=ETLTWqLcN14Q7kNvwHKOL1A&_nc_oc=AdnMmeNMPMroAPIJdIseBVdfBcEMrpq1_fA8WCyM_PoU4nVgJDFAdUdOZFGF-VSgpA8&_nc_zt=24&_nc_ht=scontent.fhan5-6.fna&_nc_gid=1BWdpGeSU_SjggNWkswAUg&oh=00_AfN5qVLVyEDcbeuV3tc0zgW2R9fBYD0a1zkaC8_z1zk9_w&oe=685DFE5A",
        "reactions_angry":0,
        "reactions_care":0,
        "reactions_haha":0,
        "reactions_like":19,
        "reactions_love":0,
        "reactions_sad":0,
        "reactions_wow":0
    },
    {
        "post_id":1653896108612838,
        "type":"post",
        "url":"https:\/\/www.facebook.com\/groups\/1369159683753150\/posts\/1653896108612838\/",
        "message":"فودافون فليكس ميجا فيس بوك ميجا وتساب السعر ج تفعيل وقتي للساعه فقط الشروط ميكونش عليك اي مديونيه او استلاف ولو عليك سدد الفلوس اللي عليك الاول وابعتلي متاح فليكس ب بدل وادمن وسيط",
        "timestamp":"14\/06\/2025",
        "comments_count":76,
        "reactions_count":6,
        "reshare_count":0,
        "author_id":"100077888166450",
        "author_name":"Mohamed Ayman",
        "author_url":"https:\/\/www.facebook.com\/M0000111111",
        "author_profile_picture_url":"https:\/\/scontent.fhan5-11.fna.fbcdn.net\/v\/t39.30808-1\/488009446_681643017775298_4255965024468046220_n.jpg?stp=cp0_dst-jpg_s48x48_tt6&_nc_cat=103&ccb=1-7&_nc_sid=1d2534&_nc_ohc=qVPcaEGTLkIQ7kNvwFrZdMe&_nc_oc=Adn-5_pErehlqA_xV3R5T_KSGCpkgOEybs7EwMpaIbYcoYJIcYQLhVPk6BBQ-bxdABI&_nc_zt=24&_nc_ht=scontent.fhan5-11.fna&_nc_gid=1BWdpGeSU_SjggNWkswAUg&oh=00_AfPOmitkbx8KcpGcM8MCaufvoTev2AZbHYICc4RfuCHwEQ&oe=685E0606",
        "reactions_angry":0,
        "reactions_care":1,
        "reactions_haha":0,
        "reactions_like":3,
        "reactions_love":2,
        "reactions_sad":0,
        "reactions_wow":0
    }
]