[
    {
        "tweet_id":1879625486843678976,
        "creation_date":"Wed Jan 15 20:23:32 +0000 2025",
        "text":"زغاريد طالبات جامعه الازهر فرحا باتفاق وقف الحرب علي غزه",
        "user":{
            "creation_date":"Sun Jan 10 15:18:42 +0000 2010",
            "user_id":"103591569",
            "username":"RassdNewsN",
            "name":"شبكة رصد",
            "follower_count":5525225,
            "following_count":0,
            "favourites_count":15,
            "is_verified":false,
            "is_blue_verified":true,
            "location":"London, England",
            "description":"منصة إعلامية مهتمة بالشأن المصري والعربي، تنقل الأخبار لحظة بلحظة وتعمل على إنتاج محتوى خبري، سياسي، اجتماعي منوع.. شعارها.. إعلام الجمهور",
            "number_of_tweets":549248,
            "bot":false
        },
        "language":"ar",
        "favorite_count":17192,
        "retweet_count":2923,
        "reply_count":125,
        "quote_count":152,
        "views":238951,
        "video_view_count":null,
        "source":"Twitter Media Studio",
        "sentement":"positive"
    },
    {
        "tweet_id":1720742403844235264,
        "creation_date":"Sat Nov 04 09:58:53 +0000 2023",
        "text":"براتون ترا جد د اوردم ندساعت ش اسرا ل زد دانش اه الازهر غزه ه به دستور بابا راءف ور تاس س شده بود و محل ترو ج اسلام و مغزشو برا جهاد بود رو تماما با خا رد زوزه ب ش عرزش",
        "user":{
            "creation_date":"Sat Aug 05 08:57:12 +0000 2017",
            "user_id":"893757772025798656",
            "username":"YaarGhadimi",
            "name":"𓄂✺Yaar - يار ‌‌قدیمی🎗️",
            "follower_count":97108,
            "following_count":5708,
            "favourites_count":218284,
            "is_verified":false,
            "is_blue_verified":true,
            "location":"Persian Gulf",
            "description":"Patriot𓄂✺, Animal lover🐕‍🦺🦥,Ex-Muslim, Atheist, 👩🏿‍💼=🧑🏻‍💼=👩🏼‍💼=🧑🏿‍💼 #IraniansStandWithIsrael🇮🇱, My inner child: @bri30s",
            "number_of_tweets":55529,
            "bot":false
        },
        "language":"fa",
        "favorite_count":3759,
        "retweet_count":511,
        "reply_count":124,
        "quote_count":23,
        "views":75008,
        "video_view_count":null,
        "source":"Twitter for Android",
        "sentement":"negative"
    },
    {
        "tweet_id":1870421866369679872,
        "creation_date":"Sat Dec 21 10:51:38 +0000 2024",
        "text":"الشهيد احمد عمر عليان ابو عمر بلغ من العمر عاما خريج لغه عربيه من جامعه الازهر متزوج ولديه طفلان عمر وعلي كان من اهدا الشباب واكثرهم اخلاقا عزيز النفس لا يطلب من احد شيءا حتي في اشد حاجته كان من رواد المساجد بارا بوالديه ومحبوبا بين اصدقاءه",
        "user":{
            "creation_date":"Thu Sep 23 08:40:54 +0000 2021",
            "user_id":"1440959325153939458",
            "username":"Gaza_Shaheed",
            "name":"شهداء غزّة Gaza martyrs",
            "follower_count":79986,
            "following_count":7,
            "favourites_count":6,
            "is_verified":false,
            "is_blue_verified":false,
            "location":"غزة",
            "description":"لأنهم ليسوا أرقامًا، هُنا نحكي قصة الشهداء، حياتهم، ذكرياتهم، أحلامهم.. اكتبوا لنا وأرسلوا، لنحكي لكلّ العالم عن شهداء #غزة. | https:\/\/t.co\/xaDzXXyTBv",
            "number_of_tweets":3476,
            "bot":false
        },
        "language":"ar",
        "favorite_count":175,
        "retweet_count":87,
        "reply_count":9,
        "quote_count":0,
        "views":2672,
        "video_view_count":null,
        "source":"Twitter for Android",
        "sentement":"positive"
    },
    {
        "tweet_id":1866459650750841344,
        "creation_date":"Tue Dec 10 12:27:12 +0000 2024",
        "text":"الاغتصاب في سجن صيدنايا ليس بغريب سجون مصر وذباب النظام داءما يهدد معارضي العسكر بلقاء فرج صاحب المشهد الشهير في فيلم الكرنك لكن لا احد يتكلم هذه طالبه في جامعه الازهر حكت واقعه اغتصابها داخل مدرعه شرطه فتم تبرءه الضابط وقامت نيابه السيسي عدو الله بحبسها سنه عقابا لها",
        "user":{
            "creation_date":"Wed Jun 15 17:25:12 +0000 2016",
            "user_id":"743132260870848512",
            "username":"ERC_egy",
            "name":"المجلس الثوري المصري",
            "follower_count":150894,
            "following_count":52,
            "favourites_count":3626,
            "is_verified":false,
            "is_blue_verified":false,
            "location":"Egypt ",
            "description":"الحساب الرسمي والوحيد للمجلس الثوري المصري",
            "number_of_tweets":26603,
            "bot":false
        },
        "language":"ar",
        "favorite_count":795,
        "retweet_count":333,
        "reply_count":53,
        "quote_count":19,
        "views":60537,
        "video_view_count":null,
        "source":"Twitter for Android",
        "sentement":"negative"
    },
    {
        "tweet_id":1882100602668548352,
        "creation_date":"Wed Jan 22 16:18:46 +0000 2025",
        "text":"بعد اعلان جامعه الازهر اجراء دراسه علميه متانيه حول امكانيه تعريب العلوم الطبيه ما رايك في الخطوه",
        "user":{
            "creation_date":"Mon Mar 27 12:12:15 +0000 2017",
            "user_id":"846334047383105537",
            "username":"AJA_Egypt",
            "name":"الجزيرة مصر",
            "follower_count":2099226,
            "following_count":2,
            "favourites_count":0,
            "is_verified":false,
            "is_blue_verified":true,
            "location":"Egypt",
            "description":"حساب تابع لشبكة الجزيرة متخصص في متابعة الشأن المصري",
            "number_of_tweets":215155,
            "bot":false
        },
        "language":"ar",
        "favorite_count":5117,
        "retweet_count":330,
        "reply_count":840,
        "quote_count":104,
        "views":271933,
        "video_view_count":null,
        "source":"Twitter Web App",
        "sentement":"neutral"
    },
    {
        "tweet_id":1866223487779565824,
        "creation_date":"Mon Dec 09 20:48:46 +0000 2024",
        "text":"محمود الاحمدي طالب في كليه اللغات والترجمه جامعه الازهر اجبروه بعترف بقتل الناءب العام ظباط امن الدوله بياخدو الشباب يشيلوا كل واحد تهمه اعترف بعد ما اتعذب بكهرباء تكفي مصر سنه اتحكم عليه بالاعدام بعد تنفيذ حكم الاعدام ومن فتره قريبه ظهر براءه محمود واللي كانوا معاه",
        "user":{
            "creation_date":"Thu Aug 04 17:00:25 +0000 2022",
            "user_id":"1555237195841150980",
            "username":"SsedoOfficiaI",
            "name":"91,s 𓂆🇵🇸",
            "follower_count":51709,
            "following_count":21304,
            "favourites_count":78739,
            "is_verified":false,
            "is_blue_verified":true,
            "location":"Italy",
            "description":"Al-Azhar University & the American University \" 𓂀 \"",
            "number_of_tweets":36530,
            "bot":false
        },
        "language":"ar",
        "favorite_count":797,
        "retweet_count":163,
        "reply_count":8,
        "quote_count":20,
        "views":45202,
        "video_view_count":null,
        "source":"Twitter for iPhone",
        "sentement":"negative"
    },
    {
        "tweet_id":1849173311881650688,
        "creation_date":"Wed Oct 23 19:37:28 +0000 2024",
        "text":"الحراك الجاي هايكون لكل تجمع دور التراس اهلاوي التراس الزمالك نهضاوي رجاله الجامعات وبالاخص جامعه الازهر الثوره بنا جميعا دوركم قد يكون الاكثر اهميه خلال المرحله القادمه ثوره المفاصل السيسي",
        "user":{
            "creation_date":"Thu Oct 01 19:23:02 +0000 2015",
            "user_id":"3836154263",
            "username":"3m4710",
            "name":"محمد الاسكندرانى",
            "follower_count":115085,
            "following_count":400,
            "favourites_count":5903,
            "is_verified":false,
            "is_blue_verified":false,
            "location":"",
            "description":"مواطن مصرى مؤمن بثورة يناير … ضد الانقلاب …ضد الطغاة  اكره الاغبياء واعشق اسكندرية بكل ما فيها",
            "number_of_tweets":30402,
            "bot":false
        },
        "language":"ar",
        "favorite_count":1000,
        "retweet_count":202,
        "reply_count":92,
        "quote_count":10,
        "views":43967,
        "video_view_count":null,
        "source":"Twitter for Android",
        "sentement":"positive"
    },
    {
        "tweet_id":1847932597550108928,
        "creation_date":"Sun Oct 20 09:27:18 +0000 2024",
        "text":"فيديو من مصر عام خروج مظاهرات في جامعه الازهر مندده بالعدوان الاسراءيلي علي غزه احدهم رافع صحيفه الدستور بعنوان غزه تحترق بالطاءرات بعد ساعه من لقاء مبارك مع ليفي وزيره خارجيه الاحتلال تم اعتقال اغلب ممن ظهروا في الفيديو ولايزالون في المعتقل حتي اليوم",
        "user":{
            "creation_date":"Wed May 06 17:37:41 +0000 2020",
            "user_id":"1258088484377591809",
            "username":"inpic0",
            "name":"PIC | صـور من التـاريخ",
            "follower_count":422361,
            "following_count":385,
            "favourites_count":14881,
            "is_verified":false,
            "is_blue_verified":true,
            "location":"الإختلاف في الرأي لا يفسد الود",
            "description":"نغرد عن الـتاريخ والحاضر ننشر صور ومعلومات و احداث وسياسية وغرائب عالمية متـنــوعــة نهدف لنشر الوعي .. حسابنا البديل@inpic9🌷",
            "number_of_tweets":14732,
            "bot":false
        },
        "language":"ar",
        "favorite_count":290,
        "retweet_count":41,
        "reply_count":12,
        "quote_count":1,
        "views":27686,
        "video_view_count":null,
        "source":"Twitter for iPhone",
        "sentement":"negative"
    },
    {
        "tweet_id":1879639541495263232,
        "creation_date":"Wed Jan 15 21:19:23 +0000 2025",
        "text":"المدينه الجامعه جامعه الازهر القاهره بتحتفل بتفرح مع غزه",
        "user":{
            "creation_date":"Sat Oct 28 07:56:16 +0000 2023",
            "user_id":"1718174631771750400",
            "username":"MariamM0hamed",
            "name":"مَـرْيَـمـيَّات❄️",
            "follower_count":1564,
            "following_count":1244,
            "favourites_count":107196,
            "is_verified":false,
            "is_blue_verified":false,
            "location":"سوداوية أفكارها",
            "description":"INTJ 💀\nFree Palestine 🇵🇸\n3\/5 AFMG ❄️\n\nWhen the chips are down, these... these civilized people, they'll eat each other.",
            "number_of_tweets":9458,
            "bot":false
        },
        "language":"ar",
        "favorite_count":5685,
        "retweet_count":690,
        "reply_count":9,
        "quote_count":43,
        "views":77919,
        "video_view_count":null,
        "source":"Twitter Web App",
        "sentement":"positive"
    },
    {
        "tweet_id":1783754017769673216,
        "creation_date":"Fri Apr 26 07:04:33 +0000 2024",
        "text":"تصو ر از ش خ الازهر منتشر شده ه در باز شت از سفرها درمان اش به المان در بخش ب ز نس لاس هوا ما نشسته و تاب با عنوان افول غرب م خواند نو سنده معروف هم در اسخ نوشته ا ر غرب افول ند جناب ش خ برا درمان جا برود و طور برود",
        "user":{
            "creation_date":"Sat Apr 02 05:46:33 +0000 2022",
            "user_id":"1510130875928829952",
            "username":"naime_atamanesh",
            "name":"نعیمه‌عطامنش",
            "follower_count":6360,
            "following_count":213,
            "favourites_count":82227,
            "is_verified":false,
            "is_blue_verified":false,
            "location":"آتن را با اورشلیم چکار؟",
            "description":"«هرکه بیناتر درین هنگامه، حیران بیشتر» و در این‌ حیرت‌سرایِ چاه‌ و نابینا، چه‌ پُرجُرم‌ است آنکه‌ خاموش‌ بنشیند و تنها نظاره‌گر باشد.\n\nhttps:\/\/t.co\/PgefraMvt6",
            "number_of_tweets":477,
            "bot":false
        },
        "language":"fa",
        "favorite_count":7136,
        "retweet_count":447,
        "reply_count":169,
        "quote_count":28,
        "views":143791,
        "video_view_count":null,
        "source":"Twitter for Android",
        "sentement":"neutral"
    },
    {
        "tweet_id":1847578301390377216,
        "creation_date":"Sat Oct 19 09:59:28 +0000 2024",
        "text":"رءيس جامعه الازهر عمل مءتمر و جايب بروجيكتور و مواكب عصر التكنولوجيا بقي و بيفتح اللابتوب بتاعه و هوب يظهر الموقع الازرق في بحث جوجل علي البروجيكتور امام الناس",
        "user":{
            "creation_date":"Fri May 06 21:33:51 +0000 2016",
            "user_id":"728699321336598529",
            "username":"Adel14780289",
            "name":"🇪🇬🇪🇬Adel",
            "follower_count":3482,
            "following_count":639,
            "favourites_count":150595,
            "is_verified":false,
            "is_blue_verified":false,
            "location":"مصر",
            "description":"اي معلومة أو خبر بنشره بكون واثق  أنه صحيح \nولكن لا تثق في كلامي و ابحث بنفسك .\nتعلم أن لا تسلم عقلك لأحد مهما كان \n. اعمل ( فولو ) و اهلا بك 🌹🌹",
            "number_of_tweets":20446,
            "bot":false
        },
        "language":"ar",
        "favorite_count":1355,
        "retweet_count":181,
        "reply_count":247,
        "quote_count":91,
        "views":321130,
        "video_view_count":null,
        "source":"Twitter for Android",
        "sentement":"neutral"
    },
    {
        "tweet_id":1769772434805187072,
        "creation_date":"Mon Mar 18 17:06:43 +0000 2024",
        "text":"رءيس جامعه الازهر يمتدح الازهر الشريف بابيات شعريه للدكتور علاء جانب خلال الاحتفاء بمرور عام علي ذكري تاسيس الجامع الازهر",
        "user":{
            "creation_date":"Thu Nov 27 13:24:29 +0000 2014",
            "user_id":"2894575251",
            "username":"AlAzhar",
            "name":"الأزهر الشريف",
            "follower_count":648454,
            "following_count":2,
            "favourites_count":4,
            "is_verified":false,
            "is_blue_verified":true,
            "location":"Cairo, Egypt",
            "description":"الحساب الرسمي للأزهر الشريف",
            "number_of_tweets":43960,
            "bot":false
        },
        "language":"ar",
        "favorite_count":346,
        "retweet_count":43,
        "reply_count":4,
        "quote_count":3,
        "views":8886,
        "video_view_count":null,
        "source":"Twitter Media Studio",
        "sentement":"neutral"
    },
    {
        "tweet_id":1876278239288873472,
        "creation_date":"Mon Jan 06 14:42:46 +0000 2025",
        "text":"الازهر الشريف بقياده الامام الاكبر شيخ الازهر الشريف هو الحصن الحصين للامه الاسلاميه د اسامه الازهري وزير الاوقاف",
        "user":{
            "creation_date":"Fri Apr 07 20:32:22 +0000 2023",
            "user_id":"1644437446468202536",
            "username":"Usamaalazhary_",
            "name":"Usama Alazhary أسامة الأزهري",
            "follower_count":5350,
            "following_count":0,
            "favourites_count":0,
            "is_verified":false,
            "is_blue_verified":false,
            "location":"Egypt",
            "description":"الصفحة الرسمية لوزير الأوقاف المصري",
            "number_of_tweets":1825,
            "bot":false
        },
        "language":"ar",
        "favorite_count":305,
        "retweet_count":37,
        "reply_count":14,
        "quote_count":2,
        "views":4653,
        "video_view_count":null,
        "source":"Twitter Web App",
        "sentement":"positive"
    },
    {
        "tweet_id":1835079940037071104,
        "creation_date":"Sat Sep 14 22:15:26 +0000 2024",
        "text":"لا مش مصدقه عنيا الكلام ده بجد ومن مين من جامعه الازهر انا حاصلي",
        "user":{
            "creation_date":"Tue Jul 05 15:24:56 +0000 2022",
            "user_id":"1544341435050254339",
            "username":"MorieMagdy",
            "name":"dr Morie Magdy",
            "follower_count":1487,
            "following_count":728,
            "favourites_count":3563,
            "is_verified":false,
            "is_blue_verified":false,
            "location":"",
            "description":"ما تهمتي؟تهمتك العروبه ،قلت لكم ما تهمتي ؟ قلنا لك العروبه ، يا ناس قولوا غيرها اسألكم عن تهمتي …. ليس عن العقوبه",
            "number_of_tweets":3184,
            "bot":false
        },
        "language":"ar",
        "favorite_count":179,
        "retweet_count":31,
        "reply_count":61,
        "quote_count":9,
        "views":28020,
        "video_view_count":null,
        "source":"Twitter for iPhone",
        "sentement":"neutral"
    },
    {
        "tweet_id":1862152058469499136,
        "creation_date":"Thu Nov 28 15:10:22 +0000 2024",
        "text":"الكتيبه جامعه الازهر الجامعه الاسلاميه",
        "user":{
            "creation_date":"Tue Oct 20 02:21:57 +0000 2020",
            "user_id":"1318376689181822982",
            "username":"daliakahlout",
            "name":"Dalia Kahlout",
            "follower_count":2527,
            "following_count":309,
            "favourites_count":1565,
            "is_verified":false,
            "is_blue_verified":false,
            "location":"Gaza",
            "description":"strong independent woman ✨ \n                                     20 • Engineer decorations  🤎",
            "number_of_tweets":1398,
            "bot":false
        },
        "language":"ar",
        "favorite_count":243,
        "retweet_count":15,
        "reply_count":19,
        "quote_count":21,
        "views":30691,
        "video_view_count":null,
        "source":"Twitter for Android",
        "sentement":"neutral"
    },
    {
        "tweet_id":1863819966442590208,
        "creation_date":"Tue Dec 03 05:38:02 +0000 2024",
        "text":"الطفل الحبيب محمد ايمن السكافي والده الدكتور والمحاضر في جامعه الازهر ايمن السكافي والذي اعتقله الاحتلال الاسراءيلي خلال اجتياحه لمستشفي العوده فقد هذا الطفل والدته ايضا قبل شهور محمد وحيد والده ووالدته علي اخواته البنات محمد اصيب قبل ايام بعد اجبار عاءلته علي النزوح من تل الزعتر شمال غزه وبعد مرورهم وتفتيشهم علي الحاجز تم اطلاق النار عليهم اخترقت رصاصات جسد محمد الهزيل وهو الان يصارع الموت في قسم العنايه المركزه بعد اجراءه عده عمليات لمحاولات وقف النزيف دعواتكم له بالشفاء وحسبنا الله ونعم الوكيل",
        "user":{
            "creation_date":"Thu Apr 16 22:42:15 +0000 2015",
            "user_id":"3160267375",
            "username":"AbdSabbah91",
            "name":"عبد القادر صباح",
            "follower_count":18211,
            "following_count":136,
            "favourites_count":1788,
            "is_verified":false,
            "is_blue_verified":true,
            "location":"Palestine, Gaza",
            "description":"صحفي فلسطيني من مخيم جباليا شمال غزة A Palestinian photographer from Jabalia camp, north of Gaza",
            "number_of_tweets":1376,
            "bot":false
        },
        "language":"ar",
        "favorite_count":1274,
        "retweet_count":813,
        "reply_count":159,
        "quote_count":40,
        "views":33836,
        "video_view_count":null,
        "source":"Twitter for iPhone",
        "sentement":"negative"
    },
    {
        "tweet_id":1811399583500485120,
        "creation_date":"Thu Jul 11 13:58:09 +0000 2024",
        "text":"جانب من اللقاء الجماهيري الحاشد الذي نظمته جامعه شريف هدايه الله الاسلاميه الحكوميه في جاكرتا لاستقبال شيخ الازهر حيث حاضر فيها فضيلته شباب اندونيسيا وعلماءها حول محوريه وحده الامه في مواجهه التحديات وذلك بحضور عدد من الوزراء والسفراء ورءساء المءسسات الدينيه واساتذه الجامعه وباحثيها والطلاب الاندونيسيين من مختلف الجامعات",
        "user":{
            "creation_date":"Thu Nov 27 13:24:29 +0000 2014",
            "user_id":"2894575251",
            "username":"AlAzhar",
            "name":"الأزهر الشريف",
            "follower_count":648454,
            "following_count":2,
            "favourites_count":4,
            "is_verified":false,
            "is_blue_verified":true,
            "location":"Cairo, Egypt",
            "description":"الحساب الرسمي للأزهر الشريف",
            "number_of_tweets":43960,
            "bot":false
        },
        "language":"ar",
        "favorite_count":901,
        "retweet_count":132,
        "reply_count":13,
        "quote_count":25,
        "views":30023,
        "video_view_count":null,
        "source":"Twitter Web App",
        "sentement":"neutral"
    },
    {
        "tweet_id":1826288278502289664,
        "creation_date":"Wed Aug 21 16:00:31 +0000 2024",
        "text":"مش فاهم والله انت ازاي استاذه شريعه في جامعه الازهر انت ممكن تكوني استاذه في الشريعه النصرانيه",
        "user":{
            "creation_date":"Sat Oct 09 08:24:49 +0000 2021",
            "user_id":"1446753402994712576",
            "username":"Hkim303",
            "name":"حكيـــم",
            "follower_count":6184,
            "following_count":5470,
            "favourites_count":45569,
            "is_verified":false,
            "is_blue_verified":false,
            "location":"مصر ",
            "description":"ما قيمه النّاس إلا في مبادئهم \nلا المال يبقى ولا الألقابُ والرّتبُ",
            "number_of_tweets":30507,
            "bot":false
        },
        "language":"ar",
        "favorite_count":259,
        "retweet_count":21,
        "reply_count":155,
        "quote_count":10,
        "views":12936,
        "video_view_count":null,
        "source":"Twitter for Android",
        "sentement":"neutral"
    },
    {
        "tweet_id":1876595528110325760,
        "creation_date":"Tue Jan 07 11:43:34 +0000 2025",
        "text":"جامعه الازهر الحبيبه",
        "user":{
            "creation_date":"Tue Apr 09 20:35:57 +0000 2024",
            "user_id":"1777797528995479553",
            "username":"Maryam_M_salem",
            "name":"مَـريَم𓂆",
            "follower_count":473,
            "following_count":986,
            "favourites_count":7389,
            "is_verified":false,
            "is_blue_verified":false,
            "location":"",
            "description":"نفوسنا جميعًا تتوق إلي بيت المقدس .. يارب مريم تصلي في الأقصى في عافية.",
            "number_of_tweets":1289,
            "bot":false
        },
        "language":"ar",
        "favorite_count":964,
        "retweet_count":25,
        "reply_count":22,
        "quote_count":25,
        "views":83930,
        "video_view_count":null,
        "source":"Twitter for Android",
        "sentement":"neutral"
    },
    {
        "tweet_id":1863239141648957696,
        "creation_date":"Sun Dec 01 15:10:03 +0000 2024",
        "text":"بعد اشهر من فقدان اثاره العثور علي جثمان الش هيد الحافظ لكتاب الله الاستاذ عاهد زكريا ابو العطا ابو مسلم في جامعه الازهر وقد دفن بفعل اليات العدو",
        "user":{
            "creation_date":"Sun Jul 09 22:31:09 +0000 2023",
            "user_id":"1678169773841035267",
            "username":"Qadeyah1",
            "name":"ق.ض",
            "follower_count":19556,
            "following_count":1,
            "favourites_count":221,
            "is_verified":false,
            "is_blue_verified":false,
            "location":"",
            "description":"منصة إعلامية معرفية مختصة في قضايا الشهداء.",
            "number_of_tweets":13277,
            "bot":false
        },
        "language":"ar",
        "favorite_count":529,
        "retweet_count":217,
        "reply_count":28,
        "quote_count":6,
        "views":6738,
        "video_view_count":null,
        "source":"Twitter for iPhone",
        "sentement":"negative"
    }
]