[
    {
        "url": "https://twitter154.p.rapidapi.com/search/search/continuation",
        "x-rapidapi-key": "e656931515mshe502fa853ef69b8p1c11d1jsn2d0831de2e3a",
        "x-rapidapi-host": "twitter154.p.rapidapi.com",
        "Avilabe_requests_per_month": 172
    },
    {
        "url": "https://twitter154.p.rapidapi.com/search/search/continuation",
        "x-rapidapi-key": "365a180c9cmsh2c983b4806e55cbp1502cfjsnd0c72f4a2d84",
        "x-rapidapi-host": "twitter154.p.rapidapi.com",
        "Avilabe_requests_per_month": 89
    }
]