{
    "default": "",
    "charMap": {
        "\u0621-\u063A": null,
        "\u0640": "",
        "\u0641-\u064A": null,
        "\u064B-\u0652": "",
        "\u0020-\u007E": null,
        "\u00C0-\u00FF": null,
        "\u0020": " ",
        "\u00A0": " ",
        "\u1680": " ",
        "\u180E": " ",
        "\u2000-\u200D": " ",
        "\u202F": " ",
        "\u205F": " ",
        "\u2060": " ",
        "\u3000": " ",
        "\uFEFF": " ",
        "\u2420": " ",
        "\u2422": " ",
        "\u2423": " ",
        "\u0009": null,
        "\u000D": null,
        "\u000A": null,
        "\u2424": null,
        "\u2000-\u200F": " ",
        "\u2010-\u2015": "-",
        "\u2016": "|",
        "\u2017": "_",
        "\u2018-\u201B": "'",
        "\u201C-\u201F": "\"",
        "\u2020-\u2021": "+",
        "\u2023": "*",
        "\u2024": ".",
        "\u2025": "..",
        "\u2026": "...",
        "\u2027": ".",
        "\u2028-\u202F": " ",
        "\u2030": "%0",
        "\u2031": "%00",
        "\u2032": "'",
        "\u2033": "''",
        "\u2034": "'''",
        "\u2035": "`",
        "\u2036": "``",
        "\u2037": "```",
        "\u2038": "^",
        "\u2039": "<",
        "\u203A": ">",
        "\u203B": "X",
        "\u203C": "!!",
        "\u203D": "!?",
        "\u203E": "-",
        "\u203F": ")",
        "\u2040": "(",
        "\u2041": "l",
        "\u2042": "***",
        "\u2043": "-",
        "\u2044": "/",
        "\u2045": "E",
        "\u2046": "E",
        "\u2047": "??",
        "\u2048": "?!",
        "\u2049": "!?",
        "\u204A": "&",
        "\u204B": "\u00B6",
        "\u204C": "*",
        "\u204D": "*",
        "\u204E": "*",
        "\u204F": ";",
        "\u2050": "()",
        "\u2051": "**",
        "\u2052": "%",
        "\u2053": "~",
        "\u2054": "_",
        "\u2055": "*",
        "\u2056": "...",
        "\u2057": "''''",
        "\u2058": "::",
        "\u2059": ":.:",
        "\u205A": ":",
        "\u205B": "::",
        "\u205C": "X",
        "\u205D": ":",
        "\u205E": ":",
        "\u205F-\u2060": " ",
        "\u2061-\u2064": "",
        "\u2065-\u206F": "",
        "\u00AB": "\"",
        "\u00BB": "\"",
        "\u0600-\u0605": " ",
        "\u0606": "\/3",
        "\u0607": "\/4",
        "\u0608": " ",
        "\u0609": "%0",
        "\u060A": "%00",
        "\u060B": " ",
        "\u060C": ",",
        "\u060D": ",",
        "\u060E-\u060F": " ",
        "\u0610-\u061A": "",
        "\u061B": ";",
        "\u061E": "",
        "\u061F": "?",
        "\u063B-\u063C": "\u0643",
        "\u063D-\u063F": "\u0649",
        "\u0653-\u065E": "",
        "\u0660": "0",
        "\u0661": "1",
        "\u0662": "2",
        "\u0663": "3",
        "\u0664": "4",
        "\u0665": "5",
        "\u0666": "6",
        "\u0667": "7",
        "\u0668": "8",
        "\u0669": "9",
        "\u066A": "%",
        "\u066B": ",",
        "\u066C": "'",
        "\u066D": "*",
        "\u066E": "\u0628",
        "\u066F": "\u0642",
        "\u0670": "",
        "\u0671-\u0673": "\u0627",
        "\u0674": "",
        "\u0675": "\u0627",
        "\u0676-\u0677": "\u0648",
        "\u0678": "\u0626",
        "\u0679-\u067A": "\u062A",
        "\u067B": "\u0628",
        "\u067C": "\u062A",
        "\u067D": "\u062B",
        "\u067E": "\u0628",
        "\u067F": "\u062A",
        "\u0680": "\u0628",
        "\u0681-\u0682": "\u062E",
        "\u0683-\u0684": "\u062C",
        "\u0685": "\u062E",
        "\u0686-\u0687": "\u062C",
        "\u0688-\u0690": "\u062F",
        "\u0691-\u0696": "\u0631",
        "\u0697-\u0699": "\u0632",
        "\u069A-\u069B": "\u0633",
        "\u069C": "\u0634",
        "\u069D": "\u0635",
        "\u069E": "\u0636",
        "\u069F": "\u0638",
        "\u06A0": "\u063A",
        "\u06A1-\u06A6": "\u0641",
        "\u06A7-\u06A8": "\u0642",
        "\u06A9-\u06B4": "\u0643",
        "\u06B5-\u06B8": "\u0644",
        "\u06B9-\u06BD": "\u0646",
        "\u06BE": "\u0647",
        "\u06BF": "\u062C",
        "\u06C0-\u06C2": "\u0647",
        "\u06C3": "\u0629",
        "\u06C4-\u06CB": "\u0648",
        "\u06CC-\u06CE": "\u0649",
        "\u06CF": "\u0648",
        "\u06D0-\u06D2": "\u064A",
        "\u06D3": "\u0626",
        "\u06D4": ".",
        "\u06D5": "",
        "\u06D6-\u06ED": "",
        "\u06DD-\u06DE": "*",
        "\u06E9": "*",
        "\u06EE": "\u062F",
        "\u06EF": "\u0631",
        "\u06F0": "0",
        "\u06F1": "1",
        "\u06F2": "2",
        "\u06F3": "3",
        "\u06F4": "4",
        "\u06F5": "5",
        "\u06F6": "6",
        "\u06F7": "7",
        "\u06F8": "8",
        "\u06F9": "9",
        "\u06FA": "\u0634",
        "\u06FB": "\u0635",
        "\u06FC": "\u0636",
        "\u06FD": "\u0621",
        "\u06FE": "\u0645",
        "\u06FF": "\u0647",
        "\uFE80": "\u0621",
        "\uFE81-\uFE82": "\u0622",
        "\uFE83-\uFE84": "\u0623",
        "\uFE85-\uFE86": "\u0624",
        "\uFE87-\uFE88": "\u0625",
        "\uFE89-\uFE8C": "\u0626",
        "\uFE8D-\uFE8E": "\u0627",
        "\uFE8F-\uFE92": "\u0628",
        "\uFE93-\uFE94": "\u0629",
        "\uFE95-\uFE98": "\u062A",
        "\uFE99-\uFE9C": "\u062B",
        "\uFE9D-\uFEA0": "\u062C",
        "\uFEA1-\uFEA4": "\u062D",
        "\uFEA5-\uFEA8": "\u062E",
        "\uFEA9-\uFEAA": "\u062F",
        "\uFEAB-\uFEAC": "\u0630",
        "\uFEAD-\uFEAE": "\u0631",
        "\uFEAF-\uFEB0": "\u0632",
        "\uFEB1-\uFEB4": "\u0633",
        "\uFEB5-\uFEB8": "\u0634",
        "\uFEB9-\uFEBC": "\u0635",
        "\uFEBD-\uFEC0": "\u0636",
        "\uFEC1-\uFEC4": "\u0637",
        "\uFEC5-\uFEC8": "\u0638",
        "\uFEC9-\uFECC": "\u0639",
        "\uFECD-\uFED0": "\u063A",
        "\uFED1-\uFED4": "\u0641",
        "\uFED5-\uFED8": "\u0642",
        "\uFED9-\uFEDC": "\u0643",
        "\uFEDD-\uFEE0": "\u0644",
        "\uFEE1-\uFEE4": "\u0645",
        "\uFEE5-\uFEE8": "\u0646",
        "\uFEE9-\uFEEC": "\u0647",
        "\uFEED-\uFEEE": "\u0648",
        "\uFEEF-\uFEF0": "\u0649",
        "\uFEF1-\uFEF4": "\u064A",
        "\uFEF5-\uFEF6": "\u0644\u0622",
        "\uFEF7-\uFEF8": "\u0644\u0623",
        "\uFEF9-\uFEFA": "\u0644\u0625",
        "\uFEFB-\uFEFC": "\u0644\u0627",
        "\uFB8E-\uFB91": "\u0643",
        "\uFB56-\uFB59": "\u0628",
        "\uFB66-\uFB69": "\u062a",
        "\uFB7A-\uFB7D": "\u062c",
        "\uFB88-\uFB89": "\u062f",
        "\uFB8C-\uFB8D": "\u0631",
        "\uFB8A-\uFB8B": "\u0632",
        "\uFB92-\uFB95": "\u0643",
        "\uFB9E-\uFB9F": "\u0646",
        "\uFBAA-\uFBAD": "\u0647",
        "\uFBA6-\uFBA9": "\u0647",
        "\uFBFC-\uFBFF": "\u064a",
        "\uFBAE-\uFBAF": "\u0649",
        "\uFBB0-\uFBB1": "\u0626",
        "\uFDF2": "\u0627\u0644\u0644\u0647"
    }
}
