{
    "default": null,
    "charMap": {
        "\u0100": "|",
        "\u00C2": ">",
        "\u0175": "&",
        "\u0102": "<",
        "\u0177": "}",
        "\u0127": "p",
        "\u03B8": "v",
        "\u00F0": "*",
        "\u0161": "$",
        "\u010E": "Z",
        "\u03C2": "E",
        "\u03B3": "g",
        "\u00FD": "Y",
        "\u00E3": "F",
        "\u0169": "N",
        "\u0129": "K",
        ".": "o",
        "\u00E1": "`",
        "\u00C4": "{",
        "p": "P",
        "c": "J",
        "v": "V",
        "g": "G"
    }
}
