{
    "default": null,
    "charMap": {
        "'": "\u0621",
        "\u0100": "\u0622",
        "\u00C2": "\u0623",
        "\u0175": "\u0624",
        "\u0102": "\u0625",
        "\u0177": "\u0626",
        "A": "\u0627",
        "b": "\u0628",
        "\u0127": "\u0629",
        "t": "\u062A",
        "\u03B8": "\u062B",
        "j": "\u062C",
        "H": "\u062D",
        "x": "\u062E",
        "d": "\u062F",
        "\u00F0": "\u0630",
        "r": "\u0631",
        "z": "\u0632",
        "s": "\u0633",
        "\u0161": "\u0634",
        "S": "\u0635",
        "D": "\u0636",
        "T": "\u0637",
        "\u010E": "\u0638",
        "\u03C2": "\u0639",
        "\u03B3": "\u063A",
        "_": "\u0640",
        "f": "\u0641",
        "q": "\u0642",
        "k": "\u0643",
        "l": "\u0644",
        "m": "\u0645",
        "n": "\u0646",
        "h": "\u0647",
        "w": "\u0648",
        "\u00FD": "\u0649",
        "y": "\u064A",
        "\u00E3": "\u064B",
        "\u0169": "\u064C",
        "\u0129": "\u064D",
        "a": "\u064E",
        "u": "\u064F",
        "i": "\u0650",
        "~": "\u0651",
        ".": "\u0652",
        "\u00E1": "\u0670",
        "\u00C4": "\u0671",
        "p": "\u067E",
        "c": "\u0686",
        "v": "\u06A4",
        "g": "\u06AF"
    }
}
