{"tweet_id": "1884833229204541502", "creation_date": "Thu Jan 30 05:17:15 +0000 2025", "text": "السَّلامُ عَلى نُورِ الله الأنْوَرِ وَضِيائِهِ الأزْهَرِ وَرَحْمَةُ الله وَبَرَكاتُه https://t.co/ONOzXF8skX", "media_url": ["https://pbs.twimg.com/media/GihF0PuWwAAr4jM.jpg"], "video_url": null, "user": {"creation_date": "Sun Feb 09 15:57:11 +0000 2014", "user_id": "2335310718", "username": "imamalinet", "name": "العتبة العلوية المقدسة", "follower_count": 373032, "following_count": 7, "favourites_count": 0, "is_private": null, "is_verified": false, "is_blue_verified": true, "location": "Najaf, Iraq", "profile_pic_url": "https://pbs.twimg.com/profile_images/1775639414133100544/DQLespoo_normal.jpg", "profile_banner_url": "https://pbs.twimg.com/profile_banners/2335310718/1641908591", "description": "The official account for Imam Ali holy shrine الحساب الرسمي للعتبة العلوية المقدسة", "external_url": "https://www.imamali.net/", "number_of_tweets": 6669, "bot": false, "timestamp": 1391961431, "has_nft_avatar": false, "category": null, "default_profile": false, "default_profile_image": false, "listed_count": 91, "verified_type": null}, "language": "ar", "favorite_count": 823, "retweet_count": 94, "reply_count": 19, "quote_count": 3, "retweet": false, "views": 9090, "timestamp": 1738214235, "video_view_count": null, "in_reply_to_status_id": null, "quoted_status_id": null, "binding_values": null, "expanded_url": "https://x.com/imamalinet/status/1884833229204541502/photo/1", "retweet_tweet_id": null, "extended_entities": {"media": [{"display_url": "pic.x.com/ONOzXF8skX", "expanded_url": "https://x.com/imamalinet/status/1884833229204541502/photo/1", "id_str": "1884833207931027456", "indices": [85, 108], "media_key": "3_1884833207931027456", "media_url_https": "https://pbs.twimg.com/media/GihF0PuWwAAr4jM.jpg", "type": "photo", "url": "https://t.co/ONOzXF8skX", "ext_media_availability": {"status": "Available"}, "features": {"large": {"faces": []}, "medium": {"faces": []}, "small": {"faces": []}, "orig": {"faces": []}}, "sizes": {"large": {"h": 1366, "w": 2048, "resize": "fit"}, "medium": {"h": 800, "w": 1200, "resize": "fit"}, "small": {"h": 453, "w": 680, "resize": "fit"}, "thumb": {"h": 150, "w": 150, "resize": "crop"}}, "original_info": {"height": 2731, "width": 4096, "focus_rects": [{"x": 0, "y": 0, "w": 4096, "h": 2294}, {"x": 375, "y": 0, "w": 2731, "h": 2731}, {"x": 542, "y": 0, "w": 2396, "h": 2731}, {"x": 1057, "y": 0, "w": 1366, "h": 2731}, {"x": 0, "y": 0, "w": 4096, "h": 2731}]}}]}, "conversation_id": "1884833229204541502", "retweet_status": null, "quoted_status": null, "bookmark_count": 10, "source": "Twitter Web App", "community_note": null}
{"tweet_id": "1884989111347359913", "creation_date": "Thu Jan 30 15:36:40 +0000 2025", "text": "بتوجيهات فضيلة الإمام الأكبر، أ.د/ أحمد الطيب، #شيخ_الأزهر الشريف، أكبر قافلة مساعدات إنسانية من بيت الزكاة والصدقات تصل إلى أشقائنا في غزة https://t.co/nj5VAjb20J", "media_url": ["https://pbs.twimg.com/ext_tw_video_thumb/1884988766273626112/pu/img/16Iy1UaLmwi846an.jpg"], "video_url": [{"content_type": "application/x-mpegURL", "url": "https://video.twimg.com/ext_tw_video/1884988766273626112/pu/pl/30K8WyYuiYDtwxoS.m3u8?tag=12&v=9e3"}, {"bitrate": 256000, "content_type": "video/mp4", "url": "https://video.twimg.com/ext_tw_video/1884988766273626112/pu/vid/avc1/480x270/SEDFn4Kic96rVQbA.mp4?tag=12"}, {"bitrate": 832000, "content_type": "video/mp4", "url": "https://video.twimg.com/ext_tw_video/1884988766273626112/pu/vid/avc1/640x360/DrBcumKPKQONsc1B.mp4?tag=12"}, {"bitrate": 2176000, "content_type": "video/mp4", "url": "https://video.twimg.com/ext_tw_video/1884988766273626112/pu/vid/avc1/1280x720/YW42pdW955iWTXcr.mp4?tag=12"}], "user": {"creation_date": "Thu Nov 27 13:24:29 +0000 2014", "user_id": "2894575251", "username": "AlAzhar", "name": "الأزهر الشريف", "follower_count": 648443, "following_count": 2, "favourites_count": 4, "is_private": null, "is_verified": false, "is_blue_verified": true, "location": "Cairo, Egypt", "profile_pic_url": "https://pbs.twimg.com/profile_images/1909253579031908353/Buhqwnhz_normal.jpg", "profile_banner_url": "https://pbs.twimg.com/profile_banners/2894575251/1744036499", "description": "الحساب الرسمي للأزهر الشريف", "external_url": "http://www.azhar.eg/", "number_of_tweets": 43960, "bot": false, "timestamp": 1417094669, "has_nft_avatar": false, "category": null, "default_profile": false, "default_profile_image": false, "listed_count": 559, "verified_type": null}, "language": "ar", "favorite_count": 681, "retweet_count": 93, "reply_count": 25, "quote_count": 8, "retweet": false, "views": 12441, "timestamp": 1738251400, "video_view_count": null, "in_reply_to_status_id": null, "quoted_status_id": null, "binding_values": null, "expanded_url": "https://x.com/AlAzhar/status/1884989111347359913/video/1", "retweet_tweet_id": null, "extended_entities": {"media": [{"display_url": "pic.x.com/nj5VAjb20J", "expanded_url": "https://x.com/AlAzhar/status/1884989111347359913/video/1", "id_str": "1884988766273626112", "indices": [140, 163], "media_key": "7_1884988766273626112", "media_url_https": "https://pbs.twimg.com/ext_tw_video_thumb/1884988766273626112/pu/img/16Iy1UaLmwi846an.jpg", "type": "video", "url": "https://t.co/nj5VAjb20J", "additional_media_info": {"monetizable": false}, "ext_media_availability": {"status": "Available"}, "sizes": {"large": {"h": 720, "w": 1280, "resize": "fit"}, "medium": {"h": 675, "w": 1200, "resize": "fit"}, "small": {"h": 383, "w": 680, "resize": "fit"}, "thumb": {"h": 150, "w": 150, "resize": "crop"}}, "original_info": {"height": 720, "width": 1280, "focus_rects": []}, "video_info": {"aspect_ratio": [16, 9], "duration_millis": 234069, "variants": [{"content_type": "application/x-mpegURL", "url": "https://video.twimg.com/ext_tw_video/1884988766273626112/pu/pl/30K8WyYuiYDtwxoS.m3u8?tag=12&v=9e3"}, {"bitrate": 256000, "content_type": "video/mp4", "url": "https://video.twimg.com/ext_tw_video/1884988766273626112/pu/vid/avc1/480x270/SEDFn4Kic96rVQbA.mp4?tag=12"}, {"bitrate": 832000, "content_type": "video/mp4", "url": "https://video.twimg.com/ext_tw_video/1884988766273626112/pu/vid/avc1/640x360/DrBcumKPKQONsc1B.mp4?tag=12"}, {"bitrate": 2176000, "content_type": "video/mp4", "url": "https://video.twimg.com/ext_tw_video/1884988766273626112/pu/vid/avc1/1280x720/YW42pdW955iWTXcr.mp4?tag=12"}]}}]}, "conversation_id": "1884989111347359913", "retweet_status": null, "quoted_status": null, "bookmark_count": 6, "source": "Twitter Web App", "community_note": null}
{"tweet_id": "1885743993511612900", "creation_date": "Sat Feb 01 17:36:18 +0000 2025", "text": "قراءة  في كتاب \"مقالات في الأخلاق لمجموعة من العلماء\".. من داخل جناح الأزهر الشريف، قاعة (٤) بمعرض القاهرة الدولي للكتاب https://t.co/HyHTkK0jVa", "media_url": ["https://pbs.twimg.com/amplify_video_thumb/1885741718466625536/img/7qP2U_mbSa1iFigy.jpg"], "video_url": [{"content_type": "application/x-mpegURL", "url": "https://video.twimg.com/amplify_video/1885741718466625536/pl/yju5OC_V5An5pwCv.m3u8?tag=14&v=3ba"}, {"bitrate": 288000, "content_type": "video/mp4", "url": "https://video.twimg.com/amplify_video/1885741718466625536/vid/avc1/480x270/RxoqjCBvgzfUWdUm.mp4?tag=14"}, {"bitrate": 832000, "content_type": "video/mp4", "url": "https://video.twimg.com/amplify_video/1885741718466625536/vid/avc1/640x360/eToEK9w_RHegtOwc.mp4?tag=14"}, {"bitrate": 2176000, "content_type": "video/mp4", "url": "https://video.twimg.com/amplify_video/1885741718466625536/vid/avc1/1280x720/CTEVcn351m7tSrfF.mp4?tag=14"}], "user": {"creation_date": "Thu Nov 27 13:24:29 +0000 2014", "user_id": "2894575251", "username": "AlAzhar", "name": "الأزهر الشريف", "follower_count": 648443, "following_count": 2, "favourites_count": 4, "is_private": null, "is_verified": false, "is_blue_verified": true, "location": "Cairo, Egypt", "profile_pic_url": "https://pbs.twimg.com/profile_images/1909253579031908353/Buhqwnhz_normal.jpg", "profile_banner_url": "https://pbs.twimg.com/profile_banners/2894575251/1744036499", "description": "الحساب الرسمي للأزهر الشريف", "external_url": "http://www.azhar.eg/", "number_of_tweets": 43960, "bot": false, "timestamp": 1417094669, "has_nft_avatar": false, "category": null, "default_profile": false, "default_profile_image": false, "listed_count": 559, "verified_type": null}, "language": "ar", "favorite_count": 24, "retweet_count": 2, "reply_count": 4, "quote_count": 0, "retweet": false, "views": 2985, "timestamp": 1738431378, "video_view_count": null, "in_reply_to_status_id": null, "quoted_status_id": null, "binding_values": null, "expanded_url": "https://x.com/AlAzhar/status/1885743993511612900/video/1", "retweet_tweet_id": null, "extended_entities": {"media": [{"display_url": "pic.x.com/HyHTkK0jVa", "expanded_url": "https://x.com/AlAzhar/status/1885743993511612900/video/1", "id_str": "1885741718466625536", "indices": [121, 144], "media_key": "13_1885741718466625536", "media_url_https": "https://pbs.twimg.com/amplify_video_thumb/1885741718466625536/img/7qP2U_mbSa1iFigy.jpg", "type": "video", "url": "https://t.co/HyHTkK0jVa", "additional_media_info": {"monetizable": false}, "ext_media_availability": {"status": "Available"}, "sizes": {"large": {"h": 720, "w": 1280, "resize": "fit"}, "medium": {"h": 675, "w": 1200, "resize": "fit"}, "small": {"h": 383, "w": 680, "resize": "fit"}, "thumb": {"h": 150, "w": 150, "resize": "crop"}}, "original_info": {"height": 720, "width": 1280, "focus_rects": []}, "video_info": {"aspect_ratio": [16, 9], "duration_millis": 2148766, "variants": [{"content_type": "application/x-mpegURL", "url": "https://video.twimg.com/amplify_video/1885741718466625536/pl/yju5OC_V5An5pwCv.m3u8?tag=14&v=3ba"}, {"bitrate": 288000, "content_type": "video/mp4", "url": "https://video.twimg.com/amplify_video/1885741718466625536/vid/avc1/480x270/RxoqjCBvgzfUWdUm.mp4?tag=14"}, {"bitrate": 832000, "content_type": "video/mp4", "url": "https://video.twimg.com/amplify_video/1885741718466625536/vid/avc1/640x360/eToEK9w_RHegtOwc.mp4?tag=14"}, {"bitrate": 2176000, "content_type": "video/mp4", "url": "https://video.twimg.com/amplify_video/1885741718466625536/vid/avc1/1280x720/CTEVcn351m7tSrfF.mp4?tag=14"}]}}]}, "conversation_id": "1885743993511612900", "retweet_status": null, "quoted_status": null, "bookmark_count": 0, "source": "Twitter Web App", "community_note": null}
{"tweet_id": "1879625486843678928", "creation_date": "Wed Jan 15 20:23:32 +0000 2025", "text": "زغاريد طالبات جامعة الأزهر فرحا باتفاق وقف الحرب على غزة https://t.co/N2ZtuelgDW", "media_url": ["https://pbs.twimg.com/media/GhXFWIaXYAApGyR.jpg"], "video_url": [{"content_type": "application/x-mpegURL", "url": "https://video.twimg.com/amplify_video/1879625201048039424/pl/9Hq7yKt32gARUXB_.m3u8?tag=14&v=b04"}, {"bitrate": 632000, "content_type": "video/mp4", "url": "https://video.twimg.com/amplify_video/1879625201048039424/vid/avc1/320x400/IhY6tiPx9YUsSdT9.mp4?tag=14"}, {"bitrate": 950000, "content_type": "video/mp4", "url": "https://video.twimg.com/amplify_video/1879625201048039424/vid/avc1/480x600/VP5DPIsQnSd_Pf4O.mp4?tag=14"}, {"bitrate": 2176000, "content_type": "video/mp4", "url": "https://video.twimg.com/amplify_video/1879625201048039424/vid/avc1/720x900/iLMFLG_D9Z89QtvD.mp4?tag=14"}], "user": {"creation_date": "Sun Jan 10 15:18:42 +0000 2010", "user_id": "103591569", "username": "RassdNewsN", "name": "شبكة رصد", "follower_count": 5525164, "following_count": 0, "favourites_count": 15, "is_private": null, "is_verified": false, "is_blue_verified": true, "location": "London, England", "profile_pic_url": "https://pbs.twimg.com/profile_images/1592124121126768641/3uokfhXl_normal.jpg", "profile_banner_url": "https://pbs.twimg.com/profile_banners/103591569/1728473356", "description": "منصة إعلامية مهتمة بالشأن المصري والعربي، تنقل الأخبار لحظة بلحظة وتعمل على إنتاج محتوى خبري، سياسي، اجتماعي منوع.. شعارها.. إعلام الجمهور", "external_url": "https://rassd.com", "number_of_tweets": 549247, "bot": false, "timestamp": 1263136722, "has_nft_avatar": false, "category": null, "default_profile": false, "default_profile_image": false, "listed_count": 7823, "verified_type": null}, "language": "ar", "favorite_count": 17192, "retweet_count": 2923, "reply_count": 125, "quote_count": 152, "retweet": false, "views": 238950, "timestamp": 1736972612, "video_view_count": null, "in_reply_to_status_id": null, "quoted_status_id": null, "binding_values": null, "expanded_url": "https://x.com/RassdNewsN/status/1879625486843678928/video/1", "retweet_tweet_id": null, "extended_entities": {"media": [{"display_url": "pic.x.com/N2ZtuelgDW", "expanded_url": "https://x.com/RassdNewsN/status/1879625486843678928/video/1", "id_str": "1879625201048039424", "indices": [57, 80], "media_key": "13_1879625201048039424", "media_url_https": "https://pbs.twimg.com/media/GhXFWIaXYAApGyR.jpg", "type": "video", "url": "https://t.co/N2ZtuelgDW", "additional_media_info": {"title": "", "description": "", "embeddable": true, "monetizable": false}, "ext_media_availability": {"status": "Available"}, "sizes": {"large": {"h": 1350, "w": 1080, "resize": "fit"}, "medium": {"h": 1200, "w": 960, "resize": "fit"}, "small": {"h": 680, "w": 544, "resize": "fit"}, "thumb": {"h": 150, "w": 150, "resize": "crop"}}, "original_info": {"height": 1350, "width": 1080, "focus_rects": []}, "video_info": {"aspect_ratio": [4, 5], "duration_millis": 30333, "variants": [{"content_type": "application/x-mpegURL", "url": "https://video.twimg.com/amplify_video/1879625201048039424/pl/9Hq7yKt32gARUXB_.m3u8?tag=14&v=b04"}, {"bitrate": 632000, "content_type": "video/mp4", "url": "https://video.twimg.com/amplify_video/1879625201048039424/vid/avc1/320x400/IhY6tiPx9YUsSdT9.mp4?tag=14"}, {"bitrate": 950000, "content_type": "video/mp4", "url": "https://video.twimg.com/amplify_video/1879625201048039424/vid/avc1/480x600/VP5DPIsQnSd_Pf4O.mp4?tag=14"}, {"bitrate": 2176000, "content_type": "video/mp4", "url": "https://video.twimg.com/amplify_video/1879625201048039424/vid/avc1/720x900/iLMFLG_D9Z89QtvD.mp4?tag=14"}]}}]}, "conversation_id": "1879625486843678928", "retweet_status": null, "quoted_status": null, "bookmark_count": 431, "source": "Twitter Media Studio", "community_note": null}
{"tweet_id": "1885312112416711127", "creation_date": "Fri Jan 31 13:00:09 +0000 2025", "text": "من التهم التي تقدمنا بها للنيابة والقضاء بالصوت والصورة على المدعو طارق يوسف … \n* سب الرئيس المصري عبد الفتاح السيسي بالإسم \n* سب القضاء المصري بأكمله \n* اتهام القيادة بتعامل مع المسحيين بطريقة قذرة \n* يتبرأ من النظام المصري ويتهمه بالكفر \n* سب شيخ الأزهر والأزهر والإفتاء \n* سب الصحابة رضي الله عنهم والسخرية منهم \n* التهكم على النبي صلى الله عليه وسلم \n* سب السعودية الشقيقة  وجهات الإفتاء هناك \n* يطالب ببناء مساجد للشيعة بمصر \n* نشر التشيع في مصر \nوالكثير والكثير …", "media_url": ["https://pbs.twimg.com/media/Gin5XyJXIAASHqS.jpg", "https://pbs.twimg.com/media/Gin5XyJXQAATsdV.jpg"], "video_url": null, "user": {"creation_date": "Wed Apr 04 22:53:46 +0000 2012", "user_id": "545504608", "username": "waleed_1_975", "name": "وليد إسماعيل ( الدافع )", "follower_count": 264452, "following_count": 320, "favourites_count": 5360, "is_private": null, "is_verified": false, "is_blue_verified": true, "location": "الإسكندرية ", "profile_pic_url": "https://pbs.twimg.com/profile_images/1696879013761875969/lKS8J_Dt_normal.jpg", "profile_banner_url": "https://pbs.twimg.com/profile_banners/545504608/1699459709", "description": "لا تقل الإسلام صالح لكل زمان ومكان ولكن قل لا يصلح المكان والزمان إلا بالإسلام 01275517500 - واتس أب 00201275517500", "external_url": null, "number_of_tweets": 16691, "bot": false, "timestamp": 1333580026, "has_nft_avatar": false, "category": null, "default_profile": true, "default_profile_image": false, "listed_count": 142, "verified_type": null}, "language": "ar", "favorite_count": 1766, "retweet_count": 235, "reply_count": 297, "quote_count": 15, "retweet": false, "views": 183764, "timestamp": 1738328409, "video_view_count": null, "in_reply_to_status_id": null, "quoted_status_id": null, "binding_values": null, "expanded_url": "https://x.com/waleed_1_975/status/1885312112416711127/photo/1", "retweet_tweet_id": null, "extended_entities": {"media": [{"display_url": "pic.x.com/a1BMUVeK1H", "expanded_url": "https://x.com/waleed_1_975/status/1885312112416711127/photo/1", "id_str": "1885312106024607744", "indices": [279, 302], "media_key": "3_1885312106024607744", "media_url_https": "https://pbs.twimg.com/media/Gin5XyJXIAASHqS.jpg", "type": "photo", "url": "https://t.co/a1BMUVeK1H", "ext_media_availability": {"status": "Available"}, "features": {"large": {"faces": [{"x": 200, "y": 135, "h": 36, "w": 36}]}, "medium": {"faces": [{"x": 200, "y": 135, "h": 36, "w": 36}]}, "small": {"faces": [{"x": 200, "y": 135, "h": 36, "w": 36}]}, "orig": {"faces": [{"x": 200, "y": 135, "h": 36, "w": 36}]}}, "sizes": {"large": {"h": 360, "w": 480, "resize": "fit"}, "medium": {"h": 360, "w": 480, "resize": "fit"}, "small": {"h": 360, "w": 480, "resize": "fit"}, "thumb": {"h": 150, "w": 150, "resize": "crop"}}, "original_info": {"height": 360, "width": 480, "focus_rects": [{"x": 0, "y": 0, "w": 480, "h": 269}, {"x": 120, "y": 0, "w": 360, "h": 360}, {"x": 164, "y": 0, "w": 316, "h": 360}, {"x": 300, "y": 0, "w": 180, "h": 360}, {"x": 0, "y": 0, "w": 480, "h": 360}]}}, {"display_url": "pic.x.com/a1BMUVeK1H", "expanded_url": "https://x.com/waleed_1_975/status/1885312112416711127/photo/1", "id_str": "1885312106024615936", "indices": [279, 302], "media_key": "3_1885312106024615936", "media_url_https": "https://pbs.twimg.com/media/Gin5XyJXQAATsdV.jpg", "type": "photo", "url": "https://t.co/a1BMUVeK1H", "ext_media_availability": {"status": "Available"}, "features": {"large": {"faces": [{"x": 164, "y": 89, "h": 40, "w": 40}]}, "medium": {"faces": [{"x": 164, "y": 89, "h": 40, "w": 40}]}, "small": {"faces": [{"x": 164, "y": 89, "h": 40, "w": 40}]}, "orig": {"faces": [{"x": 164, "y": 89, "h": 40, "w": 40}]}}, "sizes": {"large": {"h": 355, "w": 474, "resize": "fit"}, "medium": {"h": 355, "w": 474, "resize": "fit"}, "small": {"h": 355, "w": 474, "resize": "fit"}, "thumb": {"h": 150, "w": 150, "resize": "crop"}}, "original_info": {"height": 355, "width": 474, "focus_rects": [{"x": 0, "y": 0, "w": 474, "h": 265}, {"x": 24, "y": 0, "w": 355, "h": 355}, {"x": 46, "y": 0, "w": 311, "h": 355}, {"x": 112, "y": 0, "w": 178, "h": 355}, {"x": 0, "y": 0, "w": 474, "h": 355}]}}]}, "conversation_id": "1885312112416711127", "retweet_status": null, "quoted_status": null, "bookmark_count": 110, "source": "Twitter for iPhone", "community_note": null}
{"tweet_id": "1884777900504682860", "creation_date": "Thu Jan 30 01:37:23 +0000 2025", "text": "مصر تشهد تراجع غير مسبوق في المواليد.. إيه السر وما دور شيخ الأزهر والبابا تواضروس؟!\n\nشاهد المقطع عبر يوتيوب 👇\nhttps://t.co/HI9UdPThSe\n#محمد_ناصر #السيسى #المصريين #المصريين_على_قلب_رجل_واحد #الزيادة_السكانية https://t.co/2QrDhZt9vO", "media_url": ["https://pbs.twimg.com/media/Gigi0X6XAAA-nUb.jpg"], "video_url": [{"content_type": "application/x-mpegURL", "url": "https://video.twimg.com/amplify_video/1884774692457750528/pl/ka42RRLbLoHO0dTP.m3u8?tag=14&v=997"}, {"bitrate": 288000, "content_type": "video/mp4", "url": "https://video.twimg.com/amplify_video/1884774692457750528/vid/avc1/480x270/nv9CmlaFSTH53Hk0.mp4?tag=14"}, {"bitrate": 832000, "content_type": "video/mp4", "url": "https://video.twimg.com/amplify_video/1884774692457750528/vid/avc1/640x360/BQ3LjBa6GD7c9-tW.mp4?tag=14"}, {"bitrate": 2176000, "content_type": "video/mp4", "url": "https://video.twimg.com/amplify_video/1884774692457750528/vid/avc1/1280x720/J0X2cUrifSrNHP86.mp4?tag=14"}], "user": {"creation_date": "Fri Mar 20 19:58:50 +0000 2015", "user_id": "3100137599", "username": "M_nasseraly", "name": "محمد ناصر", "follower_count": 1271118, "following_count": 297, "favourites_count": 4979, "is_private": null, "is_verified": false, "is_blue_verified": true, "location": "İstanbul, Türkiye", "profile_pic_url": "https://pbs.twimg.com/profile_images/1623997377483874304/Etcbe-zl_normal.jpg", "profile_banner_url": "https://pbs.twimg.com/profile_banners/3100137599/1713096811", "description": "'بني آدم حُر'\n الحساب الرسمي للإعلامي #محمد_ناصر\nإعلامي وسيناريست مصري، ومقدم برنامج #مصر_النهاردة\nحساب انستجرام: https://t.co/hpZuMteotj", "external_url": "http://bit.ly/2Zc6uC4", "number_of_tweets": 22801, "bot": false, "timestamp": 1426881530, "has_nft_avatar": false, "category": null, "default_profile": true, "default_profile_image": false, "listed_count": 971, "verified_type": null}, "language": "ar", "favorite_count": 190, "retweet_count": 25, "reply_count": 26, "quote_count": 1, "retweet": false, "views": 11598, "timestamp": 1738201043, "video_view_count": null, "in_reply_to_status_id": null, "quoted_status_id": null, "binding_values": null, "expanded_url": "https://x.com/M_nasseraly/status/1884777900504682860/video/1", "retweet_tweet_id": null, "extended_entities": {"media": [{"display_url": "pic.x.com/2QrDhZt9vO", "expanded_url": "https://x.com/M_nasseraly/status/1884777900504682860/video/1", "id_str": "1884774692457750528", "indices": [209, 232], "media_key": "13_1884774692457750528", "media_url_https": "https://pbs.twimg.com/media/Gigi0X6XAAA-nUb.jpg", "type": "video", "url": "https://t.co/2QrDhZt9vO", "additional_media_info": {"monetizable": false}, "ext_media_availability": {"status": "Available"}, "sizes": {"large": {"h": 1080, "w": 1920, "resize": "fit"}, "medium": {"h": 675, "w": 1200, "resize": "fit"}, "small": {"h": 383, "w": 680, "resize": "fit"}, "thumb": {"h": 150, "w": 150, "resize": "crop"}}, "original_info": {"height": 1080, "width": 1920, "focus_rects": []}, "video_info": {"aspect_ratio": [16, 9], "duration_millis": 720100, "variants": [{"content_type": "application/x-mpegURL", "url": "https://video.twimg.com/amplify_video/1884774692457750528/pl/ka42RRLbLoHO0dTP.m3u8?tag=14&v=997"}, {"bitrate": 288000, "content_type": "video/mp4", "url": "https://video.twimg.com/amplify_video/1884774692457750528/vid/avc1/480x270/nv9CmlaFSTH53Hk0.mp4?tag=14"}, {"bitrate": 832000, "content_type": "video/mp4", "url": "https://video.twimg.com/amplify_video/1884774692457750528/vid/avc1/640x360/BQ3LjBa6GD7c9-tW.mp4?tag=14"}, {"bitrate": 2176000, "content_type": "video/mp4", "url": "https://video.twimg.com/amplify_video/1884774692457750528/vid/avc1/1280x720/J0X2cUrifSrNHP86.mp4?tag=14"}]}}]}, "conversation_id": "1884777900504682860", "retweet_status": null, "quoted_status": null, "bookmark_count": 4, "source": "Twitter Web App", "community_note": null}
{"tweet_id": "1885066478442971358", "creation_date": "Thu Jan 30 20:44:05 +0000 2025", "text": "الأزهر مؤسسة إرها1بية لا ريب في ذلك!! https://t.co/KqoQRgb35i", "media_url": ["https://pbs.twimg.com/media/GikZ-OhXoAIUvS4.jpg"], "video_url": null, "user": {"creation_date": "Sat Sep 10 11:32:26 +0000 2022", "user_id": "1568562985659924480", "username": "2020__David", "name": "David", "follower_count": 21539, "following_count": 2762, "favourites_count": 123610, "is_private": null, "is_verified": false, "is_blue_verified": false, "location": "nothingness", "profile_pic_url": "https://pbs.twimg.com/profile_images/1855298889613488128/1drpTb2c_normal.jpg", "profile_banner_url": "https://pbs.twimg.com/profile_banners/1568562985659924480/1732842136", "description": "Out of the box.", "external_url": null, "number_of_tweets": 15783, "bot": false, "timestamp": 1662809546, "has_nft_avatar": false, "category": null, "default_profile": true, "default_profile_image": false, "listed_count": 29, "verified_type": null}, "language": "ar", "favorite_count": 649, "retweet_count": 111, "reply_count": 60, "quote_count": 5, "retweet": false, "views": 38743, "timestamp": 1738269845, "video_view_count": null, "in_reply_to_status_id": null, "quoted_status_id": null, "binding_values": null, "expanded_url": "https://x.com/2020__David/status/1885066478442971358/photo/1", "retweet_tweet_id": null, "extended_entities": {"media": [{"display_url": "pic.x.com/KqoQRgb35i", "expanded_url": "https://x.com/2020__David/status/1885066478442971358/photo/1", "id_str": "1885066475871903746", "indices": [38, 61], "media_key": "3_1885066475871903746", "media_url_https": "https://pbs.twimg.com/media/GikZ-OhXoAIUvS4.jpg", "type": "photo", "url": "https://t.co/KqoQRgb35i", "ext_media_availability": {"status": "Available"}, "features": {"large": {"faces": []}, "medium": {"faces": []}, "small": {"faces": []}, "orig": {"faces": []}}, "sizes": {"large": {"h": 634, "w": 709, "resize": "fit"}, "medium": {"h": 634, "w": 709, "resize": "fit"}, "small": {"h": 608, "w": 680, "resize": "fit"}, "thumb": {"h": 150, "w": 150, "resize": "crop"}}, "original_info": {"height": 634, "width": 709, "focus_rects": [{"x": 0, "y": 174, "w": 709, "h": 397}, {"x": 0, "y": 0, "w": 634, "h": 634}, {"x": 0, "y": 0, "w": 556, "h": 634}, {"x": 36, "y": 0, "w": 317, "h": 634}, {"x": 0, "y": 0, "w": 709, "h": 634}]}}]}, "conversation_id": "1885066478442971358", "retweet_status": null, "quoted_status": null, "bookmark_count": 59, "source": "Twitter for Android", "community_note": null}
{"tweet_id": "1885239676195529084", "creation_date": "Fri Jan 31 08:12:19 +0000 2025", "text": "🛑 الدكتور أحمد زارع، المتحدث باسم جامعة الأزهر:  مقترح تعريب تدريس علوم الطب يأتي في إطار الاعتزاز باللغة العربية، والعديد من الدول المتقدمة تدرس جميع مراحل التعليم، بما فيها الجامعي، بلغتها القومية. https://t.co/Gl9RSpjA75", "media_url": ["https://pbs.twimg.com/media/Gim3fclaoAAXzx2.jpg"], "video_url": null, "user": {"creation_date": "Sun May 24 10:56:31 +0000 2009", "user_id": "42196320", "username": "Shorouk_News", "name": "Shorouk News", "follower_count": 4510444, "following_count": 2, "favourites_count": 20, "is_private": null, "is_verified": false, "is_blue_verified": true, "location": "Cairo, Egypt", "profile_pic_url": "https://pbs.twimg.com/profile_images/1498570645080313858/53vVznWc_normal.jpg", "profile_banner_url": "https://pbs.twimg.com/profile_banners/42196320/1646123844", "description": "الشروق الجديد جريدة يومية مصرية مستقلة تأسست في فبراير 2009", "external_url": "http://www.shorouknews.com", "number_of_tweets": 1209725, "bot": false, "timestamp": 1243162591, "has_nft_avatar": false, "category": null, "default_profile": false, "default_profile_image": false, "listed_count": 6743, "verified_type": null}, "language": "ar", "favorite_count": 37, "retweet_count": 3, "reply_count": 15, "quote_count": 2, "retweet": false, "views": 4391, "timestamp": 1738311139, "video_view_count": null, "in_reply_to_status_id": null, "quoted_status_id": null, "binding_values": null, "expanded_url": "https://x.com/Shorouk_News/status/1885239676195529084/photo/1", "retweet_tweet_id": null, "extended_entities": {"media": [{"display_url": "pic.x.com/Gl9RSpjA75", "expanded_url": "https://x.com/Shorouk_News/status/1885239676195529084/photo/1", "id_str": "1885239669908217856", "indices": [200, 223], "media_key": "3_1885239669908217856", "media_url_https": "https://pbs.twimg.com/media/Gim3fclaoAAXzx2.jpg", "type": "photo", "url": "https://t.co/Gl9RSpjA75", "ext_media_availability": {"status": "Available"}, "features": {"large": {"faces": [{"x": 359, "y": 1377, "h": 197, "w": 197}]}, "medium": {"faces": [{"x": 210, "y": 807, "h": 116, "w": 116}]}, "small": {"faces": [{"x": 119, "y": 457, "h": 65, "w": 65}]}, "orig": {"faces": [{"x": 791, "y": 3027, "h": 435, "w": 435}]}}, "sizes": {"large": {"h": 2048, "w": 2048, "resize": "fit"}, "medium": {"h": 1200, "w": 1200, "resize": "fit"}, "small": {"h": 680, "w": 680, "resize": "fit"}, "thumb": {"h": 150, "w": 150, "resize": "crop"}}, "original_info": {"height": 4500, "width": 4500, "focus_rects": [{"x": 0, "y": 1980, "w": 4500, "h": 2520}, {"x": 0, "y": 0, "w": 4500, "h": 4500}, {"x": 553, "y": 0, "w": 3947, "h": 4500}, {"x": 2250, "y": 0, "w": 2250, "h": 4500}, {"x": 0, "y": 0, "w": 4500, "h": 4500}]}}]}, "conversation_id": "1885239676195529084", "retweet_status": null, "quoted_status": null, "bookmark_count": 0, "source": "Zoho Social", "community_note": null}
{"tweet_id": "1884936755587211447", "creation_date": "Thu Jan 30 12:08:37 +0000 2025", "text": "#بث_مباشر | ندوة بعنوان: \"دور أروقة الأزهر في الحفاظ على الأمن الفكري والمجتمعي\".. من داخل #جناح_الأزهر الشريف قاعة (٤) بـ #معرض_القاهرة_الدولي_للكتاب https://t.co/PjU8z629CX", "media_url": [], "video_url": null, "user": {"creation_date": "Thu Nov 27 13:24:29 +0000 2014", "user_id": "2894575251", "username": "AlAzhar", "name": "الأزهر الشريف", "follower_count": 648443, "following_count": 2, "favourites_count": 4, "is_private": null, "is_verified": false, "is_blue_verified": true, "location": "Cairo, Egypt", "profile_pic_url": "https://pbs.twimg.com/profile_images/1909253579031908353/Buhqwnhz_normal.jpg", "profile_banner_url": "https://pbs.twimg.com/profile_banners/2894575251/1744036499", "description": "الحساب الرسمي للأزهر الشريف", "external_url": "http://www.azhar.eg/", "number_of_tweets": 43960, "bot": false, "timestamp": 1417094669, "has_nft_avatar": false, "category": null, "default_profile": false, "default_profile_image": false, "listed_count": 559, "verified_type": null}, "language": "ar", "favorite_count": 47, "retweet_count": 2, "reply_count": 3, "quote_count": 1, "retweet": false, "views": 4480, "timestamp": 1738238917, "video_view_count": null, "in_reply_to_status_id": null, "quoted_status_id": null, "binding_values": [{"key": "broadcast_url", "value": {"string_value": "https://twitter.com/i/broadcasts/1YqKDkNvMAwxV", "type": "STRING"}}, {"key": "broadcast_width", "value": {"string_value": "1280", "type": "STRING"}}, {"key": "broadcast_state", "value": {"string_value": "ENDED", "type": "STRING"}}, {"key": "site", "value": {"scribe_key": "publisher_id", "type": "USER", "user_value": {"id_str": "2894575251", "path": []}}}, {"key": "broadcast_title", "value": {"string_value": "#بث_مباشر | ندوة بعنوان: \"دور أروقة الأزهر في الحفاظ على الأمن الفكري والمجتمعي\".. من داخل #جناح_الأزهر الشريف قاعة (٤) بـ #معرض_القاهرة_الدولي_للكتاب", "type": "STRING"}}, {"key": "broadcast_source", "value": {"string_value": "Producer", "type": "STRING"}}, {"key": "broadcast_orientation", "value": {"string_value": "0", "type": "STRING"}}, {"key": "broadcast_id", "value": {"string_value": "1YqKDkNvMAwxV", "type": "STRING"}}, {"key": "broadcast_thumbnail_small", "value": {"image_value": {"height": 202, "width": 386, "url": "https://pbs.twimg.com/card_img/1910397899336454144/v59fKKvM?format=jpg&name=386x202"}, "type": "IMAGE"}}, {"key": "broadcaster_twitter_id", "value": {"string_value": "2894575251", "type": "STRING"}}, {"key": "broadcast_height", "value": {"string_value": "720", "type": "STRING"}}, {"key": "broadcast_thumbnail_original", "value": {"image_value": {"height": 720, "width": 1280, "url": "https://pbs.twimg.com/card_img/1910397899336454144/v59fKKvM?format=jpg&name=orig"}, "type": "IMAGE"}}, {"key": "broadcaster_username", "value": {"string_value": "AlAzhar", "type": "STRING"}}, {"key": "broadcast_media_key", "value": {"string_value": "28_1884936741616037888", "type": "STRING"}}, {"key": "broadcast_thumbnail_x_large", "value": {"image_value": {"height": 720, "width": 1280, "url": "https://pbs.twimg.com/card_img/1910397899336454144/v59fKKvM?format=png&name=2048x2048_2_exp"}, "type": "IMAGE"}}, {"key": "broadcaster_display_name", "value": {"string_value": "الأزهر الشريف", "type": "STRING"}}, {"key": "broadcast_is_high_latency", "value": {"boolean_value": true, "type": "BOOLEAN"}}, {"key": "broadcast_thumbnail", "value": {"image_value": {"height": 314, "width": 600, "url": "https://pbs.twimg.com/card_img/1910397899336454144/v59fKKvM?format=jpg&name=600x314"}, "type": "IMAGE"}}, {"key": "broadcast_thumbnail_color", "value": {"image_color_value": {"palette": [{"rgb": {"blue": 43, "green": 53, "red": 65}, "percentage": 43.85}, {"rgb": {"blue": 169, "green": 185, "red": 197}, "percentage": 43.2}, {"rgb": {"blue": 91, "green": 144, "red": 167}, "percentage": 7.51}, {"rgb": {"blue": 107, "green": 111, "red": 156}, "percentage": 1.57}, {"rgb": {"blue": 71, "green": 42, "red": 43}, "percentage": 1.27}]}, "type": "IMAGE_COLOR"}}, {"key": "broadcast_media_id", "value": {"string_value": "1884936741616037888", "type": "STRING"}}, {"key": "card_url", "value": {"scribe_key": "card_url", "string_value": "https://t.co/PjU8z629CX", "type": "STRING"}}, {"key": "broadcast_thumbnail_large", "value": {"image_value": {"height": 419, "width": 800, "url": "https://pbs.twimg.com/card_img/1910397899336454144/v59fKKvM?format=jpg&name=800x419"}, "type": "IMAGE"}}], "expanded_url": "https://x.com/i/broadcasts/1YqKDkNvMAwxV", "retweet_tweet_id": null, "extended_entities": null, "conversation_id": "1884936755587211447", "retweet_status": null, "quoted_status": null, "bookmark_count": 2, "source": "Periscope", "community_note": null}
{"tweet_id": "1885302914161504664", "creation_date": "Fri Jan 31 12:23:36 +0000 2025", "text": "#بث_مباشر | ندوة  \"القرآنيون .. لماذا أنكروا السنة؟\".. من داخل #جناح_الأزهر الشريف قاعة (٤) بـ #معرض_القاهرة_الدولي_للكتاب   https://t.co/9Gjv7cEygH", "media_url": [], "video_url": null, "user": {"creation_date": "Thu Nov 27 13:24:29 +0000 2014", "user_id": "2894575251", "username": "AlAzhar", "name": "الأزهر الشريف", "follower_count": 648443, "following_count": 2, "favourites_count": 4, "is_private": null, "is_verified": false, "is_blue_verified": true, "location": "Cairo, Egypt", "profile_pic_url": "https://pbs.twimg.com/profile_images/1909253579031908353/Buhqwnhz_normal.jpg", "profile_banner_url": "https://pbs.twimg.com/profile_banners/2894575251/1744036499", "description": "الحساب الرسمي للأزهر الشريف", "external_url": "http://www.azhar.eg/", "number_of_tweets": 43960, "bot": false, "timestamp": 1417094669, "has_nft_avatar": false, "category": null, "default_profile": false, "default_profile_image": false, "listed_count": 559, "verified_type": null}, "language": "ar", "favorite_count": 41, "retweet_count": 7, "reply_count": 3, "quote_count": 1, "retweet": false, "views": 4434, "timestamp": 1738326216, "video_view_count": null, "in_reply_to_status_id": null, "quoted_status_id": null, "binding_values": null, "expanded_url": "https://x.com/i/broadcasts/1rmGPovBZVdKN", "retweet_tweet_id": null, "extended_entities": null, "conversation_id": "1885302914161504664", "retweet_status": null, "quoted_status": null, "bookmark_count": 2, "source": "Periscope", "community_note": null}
{"tweet_id": "1882850063439057345", "creation_date": "Fri Jan 24 17:56:51 +0000 2025", "text": "وفديناكِ أيتُها البلاد بالذبحِ الأكبر \nبالفجرِ والشفعِ والوترِ ونجمُها الأزهر 💛 https://t.co/6kxZqTy6ck", "media_url": ["https://pbs.twimg.com/media/GiE6JuLWMAAvFBP.jpg"], "video_url": null, "user": {"creation_date": "Sun Aug 16 11:21:21 +0000 2020", "user_id": "1294957164449144833", "username": "Fatimakhalill7", "name": "Fatima🇱🇧", "follower_count": 46197, "following_count": 10614, "favourites_count": 547677, "is_private": null, "is_verified": false, "is_blue_verified": false, "location": "", "profile_pic_url": "https://pbs.twimg.com/profile_images/1889802537554841600/NwUcXyGK_normal.jpg", "profile_banner_url": "https://pbs.twimg.com/profile_banners/1294957164449144833/1609550927", "description": "‏‏حزب الله 💛", "external_url": null, "number_of_tweets": 103646, "bot": false, "timestamp": 1597576881, "has_nft_avatar": false, "category": null, "default_profile": true, "default_profile_image": false, "listed_count": 15, "verified_type": null}, "language": "ar", "favorite_count": 740, "retweet_count": 86, "reply_count": 26, "quote_count": 0, "retweet": false, "views": 6436, "timestamp": 1737741411, "video_view_count": null, "in_reply_to_status_id": null, "quoted_status_id": null, "binding_values": null, "expanded_url": "https://x.com/Fatimakhalill7/status/1882850063439057345/photo/1", "retweet_tweet_id": null, "extended_entities": {"media": [{"display_url": "pic.x.com/6kxZqTy6ck", "expanded_url": "https://x.com/Fatimakhalill7/status/1882850063439057345/photo/1", "id_str": "1882850057906434048", "indices": [80, 103], "media_key": "3_1882850057906434048", "media_url_https": "https://pbs.twimg.com/media/GiE6JuLWMAAvFBP.jpg", "type": "photo", "url": "https://t.co/6kxZqTy6ck", "ext_media_availability": {"status": "Available"}, "features": {"large": {"faces": [{"x": 288, "y": 61, "h": 46, "w": 46}, {"x": 336, "y": 335, "h": 226, "w": 226}]}, "medium": {"faces": [{"x": 288, "y": 61, "h": 46, "w": 46}, {"x": 336, "y": 335, "h": 226, "w": 226}]}, "small": {"faces": [{"x": 214, "y": 45, "h": 34, "w": 34}, {"x": 249, "y": 249, "h": 168, "w": 168}]}, "orig": {"faces": [{"x": 288, "y": 61, "h": 46, "w": 46}, {"x": 336, "y": 335, "h": 226, "w": 226}]}}, "sizes": {"large": {"h": 906, "w": 914, "resize": "fit"}, "medium": {"h": 906, "w": 914, "resize": "fit"}, "small": {"h": 674, "w": 680, "resize": "fit"}, "thumb": {"h": 150, "w": 150, "resize": "crop"}}, "original_info": {"height": 906, "width": 914, "focus_rects": [{"x": 0, "y": 223, "w": 914, "h": 512}, {"x": 8, "y": 0, "w": 906, "h": 906}, {"x": 82, "y": 0, "w": 795, "h": 906}, {"x": 253, "y": 0, "w": 453, "h": 906}, {"x": 0, "y": 0, "w": 914, "h": 906}]}}]}, "conversation_id": "1882850063439057345", "retweet_status": null, "quoted_status": null, "bookmark_count": 3, "source": "Twitter for Android", "community_note": null}
{"tweet_id": "1884014386177888682", "creation_date": "Mon Jan 27 23:03:27 +0000 2025", "text": "#الأزهر_الشريف:\n\n• #غزة ستظل فلسطينية عربية إلى أن يرث الله الأرض ومَن عليها.\n\n• نعرب عن رفضنا القاطع لكل مخططات ومحاولات تهجير الفلسطينيين من أراضيهم في محاولة بائسة وظالمة لتمكين الكيان المحتل من وطنهم ومقدراتهم. https://t.co/tuN6wuzgwk", "media_url": ["https://pbs.twimg.com/media/GiVdFnhWgAExnaM.jpg"], "video_url": null, "user": {"creation_date": "Thu Jul 02 13:18:34 +0000 2009", "user_id": "53059376", "username": "ajmubasher", "name": "الجزيرة مباشر", "follower_count": 8616099, "following_count": 9, "favourites_count": 2423, "is_private": null, "is_verified": false, "is_blue_verified": true, "location": "Qatar", "profile_pic_url": "https://pbs.twimg.com/profile_images/1765272983839387648/2aS1ngvi_normal.jpg", "profile_banner_url": "https://pbs.twimg.com/profile_banners/53059376/1743955679", "description": "تلفزيون الواقع الإخباري التفاعلي .. للأخبار العاجلة @ajmurgent \n\nاشترك الآن  https://t.co/7lOJxGifRX", "external_url": "http://ajm.me/yop3yh", "number_of_tweets": 399479, "bot": false, "timestamp": 1246540714, "has_nft_avatar": false, "category": null, "default_profile": false, "default_profile_image": false, "listed_count": 6106, "verified_type": null}, "language": "ar", "favorite_count": 74, "retweet_count": 9, "reply_count": 6, "quote_count": 0, "retweet": false, "views": 9190, "timestamp": 1738019007, "video_view_count": null, "in_reply_to_status_id": null, "quoted_status_id": null, "binding_values": null, "expanded_url": "https://x.com/ajmubasher/status/1884014386177888682/photo/1", "retweet_tweet_id": null, "extended_entities": {"media": [{"display_url": "pic.x.com/tuN6wuzgwk", "expanded_url": "https://x.com/ajmubasher/status/1884014386177888682/photo/1", "id_str": "1884014370214019073", "indices": [215, 238], "media_key": "3_1884014370214019073", "media_url_https": "https://pbs.twimg.com/media/GiVdFnhWgAExnaM.jpg", "type": "photo", "url": "https://t.co/tuN6wuzgwk", "ext_media_availability": {"status": "Available"}, "features": {"large": {"faces": []}, "medium": {"faces": []}, "small": {"faces": []}, "orig": {"faces": []}}, "sizes": {"large": {"h": 1350, "w": 1080, "resize": "fit"}, "medium": {"h": 1200, "w": 960, "resize": "fit"}, "small": {"h": 680, "w": 544, "resize": "fit"}, "thumb": {"h": 150, "w": 150, "resize": "crop"}}, "original_info": {"height": 1350, "width": 1080, "focus_rects": [{"x": 0, "y": 609, "w": 1080, "h": 605}, {"x": 0, "y": 270, "w": 1080, "h": 1080}, {"x": 0, "y": 119, "w": 1080, "h": 1231}, {"x": 304, "y": 0, "w": 675, "h": 1350}, {"x": 0, "y": 0, "w": 1080, "h": 1350}]}}]}, "conversation_id": "1884014386177888682", "retweet_status": null, "quoted_status": null, "bookmark_count": 0, "source": "TweetDeck Web App", "community_note": null}
{"tweet_id": "1880183278516232411", "creation_date": "Fri Jan 17 09:20:00 +0000 2025", "text": "الأزهر الشريف يعلن تأهيل كل مستشفياته ووضعها على أهبة الاستعداد لاستقبال الجرحى من غزة\n#حرب_غزة https://t.co/2x5P2Nutta", "media_url": ["https://pbs.twimg.com/media/GheylVnXcAAJqaP.jpg"], "video_url": null, "user": {"creation_date": "Thu Apr 26 19:33:12 +0000 2007", "user_id": "5536782", "username": "AJArabic", "name": "قناة الجزيرة", "follower_count": 23807263, "following_count": 26, "favourites_count": 65, "is_private": null, "is_verified": false, "is_blue_verified": true, "location": "Qatar", "profile_pic_url": "https://pbs.twimg.com/profile_images/1057294709280788480/nKrtTjSc_normal.jpg", "profile_banner_url": "https://pbs.twimg.com/profile_banners/5536782/1744107183", "description": "الجزيرة.. الرأي والرأي الآخر.. تابع أخبارنا العاجلة على @AJABreaking", "external_url": "https://aja.me/live", "number_of_tweets": 418103, "bot": false, "timestamp": 1177615992, "has_nft_avatar": false, "category": null, "default_profile": false, "default_profile_image": false, "listed_count": 19729, "verified_type": "Business"}, "language": "ar", "favorite_count": 461, "retweet_count": 58, "reply_count": 39, "quote_count": 6, "retweet": false, "views": 29607, "timestamp": 1737105600, "video_view_count": null, "in_reply_to_status_id": null, "quoted_status_id": null, "binding_values": null, "expanded_url": "https://x.com/AJArabic/status/1880183278516232411/photo/1", "retweet_tweet_id": null, "extended_entities": {"media": [{"display_url": "pic.x.com/2x5P2Nutta", "expanded_url": "https://x.com/AJArabic/status/1880183278516232411/photo/1", "id_str": "1880167723977633792", "indices": [96, 119], "media_key": "3_1880167723977633792", "media_url_https": "https://pbs.twimg.com/media/GheylVnXcAAJqaP.jpg", "type": "photo", "url": "https://t.co/2x5P2Nutta", "ext_media_availability": {"status": "Available"}, "features": {"large": {"faces": [{"x": 102, "y": 417, "h": 100, "w": 100}, {"x": 307, "y": 416, "h": 107, "w": 107}]}, "medium": {"faces": [{"x": 102, "y": 417, "h": 100, "w": 100}, {"x": 307, "y": 416, "h": 107, "w": 107}]}, "small": {"faces": [{"x": 64, "y": 262, "h": 62, "w": 62}, {"x": 193, "y": 261, "h": 67, "w": 67}]}, "orig": {"faces": [{"x": 102, "y": 417, "h": 100, "w": 100}, {"x": 307, "y": 416, "h": 107, "w": 107}]}}, "sizes": {"large": {"h": 1080, "w": 1080, "resize": "fit"}, "medium": {"h": 1080, "w": 1080, "resize": "fit"}, "small": {"h": 680, "w": 680, "resize": "fit"}, "thumb": {"h": 150, "w": 150, "resize": "crop"}}, "original_info": {"height": 1080, "width": 1080, "focus_rects": [{"x": 0, "y": 103, "w": 1080, "h": 605}, {"x": 0, "y": 0, "w": 1080, "h": 1080}, {"x": 133, "y": 0, "w": 947, "h": 1080}, {"x": 540, "y": 0, "w": 540, "h": 1080}, {"x": 0, "y": 0, "w": 1080, "h": 1080}]}}]}, "conversation_id": "1880183278516232411", "retweet_status": null, "quoted_status": null, "bookmark_count": 5, "source": "Twitter Media Studio", "community_note": null}
{"tweet_id": "1882771583934087475", "creation_date": "Fri Jan 24 12:45:00 +0000 2025", "text": "عميد كلية الطب بجامعة الأزهر فرع غزة: تم تخريج أكثر من 80 طالبًا من قلب الخيام في قطاع #غزة هذا العام\n\n#الجزيرة_مباشر https://t.co/sfYj3FbUzU", "media_url": ["https://pbs.twimg.com/amplify_video_thumb/1882752408964501504/img/PtHdyVf7sA-V7sCW.jpg"], "video_url": [{"content_type": "application/x-mpegURL", "url": "https://video.twimg.com/amplify_video/1882752408964501504/pl/wNbo2Wz55NlMm-ct.m3u8?tag=14&v=d61"}, {"bitrate": 632000, "content_type": "video/mp4", "url": "https://video.twimg.com/amplify_video/1882752408964501504/vid/avc1/320x568/b_478SRcSsRG2XmJ.mp4?tag=14"}, {"bitrate": 950000, "content_type": "video/mp4", "url": "https://video.twimg.com/amplify_video/1882752408964501504/vid/avc1/480x852/i7yFF-Bl13TfSmZF.mp4?tag=14"}, {"bitrate": 2176000, "content_type": "video/mp4", "url": "https://video.twimg.com/amplify_video/1882752408964501504/vid/avc1/720x1280/y-ZYpVSF8AOagtQc.mp4?tag=14"}], "user": {"creation_date": "Thu Jul 02 13:18:34 +0000 2009", "user_id": "53059376", "username": "ajmubasher", "name": "الجزيرة مباشر", "follower_count": 8616099, "following_count": 9, "favourites_count": 2423, "is_private": null, "is_verified": false, "is_blue_verified": true, "location": "Qatar", "profile_pic_url": "https://pbs.twimg.com/profile_images/1765272983839387648/2aS1ngvi_normal.jpg", "profile_banner_url": "https://pbs.twimg.com/profile_banners/53059376/1743955679", "description": "تلفزيون الواقع الإخباري التفاعلي .. للأخبار العاجلة @ajmurgent \n\nاشترك الآن  https://t.co/7lOJxGifRX", "external_url": "http://ajm.me/yop3yh", "number_of_tweets": 399479, "bot": false, "timestamp": 1246540714, "has_nft_avatar": false, "category": null, "default_profile": false, "default_profile_image": false, "listed_count": 6106, "verified_type": null}, "language": "ar", "favorite_count": 98, "retweet_count": 12, "reply_count": 2, "quote_count": 1, "retweet": false, "views": 8235, "timestamp": 1737722700, "video_view_count": null, "in_reply_to_status_id": null, "quoted_status_id": null, "binding_values": null, "expanded_url": "https://x.com/ajmubasher/status/1882771583934087475/video/1", "retweet_tweet_id": null, "extended_entities": {"media": [{"display_url": "pic.x.com/sfYj3FbUzU", "expanded_url": "https://x.com/ajmubasher/status/1882771583934087475/video/1", "id_str": "1882752408964501504", "indices": [118, 141], "media_key": "13_1882752408964501504", "media_url_https": "https://pbs.twimg.com/amplify_video_thumb/1882752408964501504/img/PtHdyVf7sA-V7sCW.jpg", "type": "video", "url": "https://t.co/sfYj3FbUzU", "additional_media_info": {"title": "", "description": "", "embeddable": true, "monetizable": false}, "ext_media_availability": {"status": "Available"}, "sizes": {"large": {"h": 1920, "w": 1080, "resize": "fit"}, "medium": {"h": 1200, "w": 675, "resize": "fit"}, "small": {"h": 680, "w": 383, "resize": "fit"}, "thumb": {"h": 150, "w": 150, "resize": "crop"}}, "original_info": {"height": 1920, "width": 1080, "focus_rects": []}, "video_info": {"aspect_ratio": [9, 16], "duration_millis": 86840, "variants": [{"content_type": "application/x-mpegURL", "url": "https://video.twimg.com/amplify_video/1882752408964501504/pl/wNbo2Wz55NlMm-ct.m3u8?tag=14&v=d61"}, {"bitrate": 632000, "content_type": "video/mp4", "url": "https://video.twimg.com/amplify_video/1882752408964501504/vid/avc1/320x568/b_478SRcSsRG2XmJ.mp4?tag=14"}, {"bitrate": 950000, "content_type": "video/mp4", "url": "https://video.twimg.com/amplify_video/1882752408964501504/vid/avc1/480x852/i7yFF-Bl13TfSmZF.mp4?tag=14"}, {"bitrate": 2176000, "content_type": "video/mp4", "url": "https://video.twimg.com/amplify_video/1882752408964501504/vid/avc1/720x1280/y-ZYpVSF8AOagtQc.mp4?tag=14"}]}}]}, "conversation_id": "1882771583934087475", "retweet_status": null, "quoted_status": null, "bookmark_count": 2, "source": "Twitter Media Studio", "community_note": null}
{"tweet_id": "1882146393785094469", "creation_date": "Wed Jan 22 19:20:43 +0000 2025", "text": "المشروع الذي يقوم الأزهر بدراسته حاليا...\nيحتاج للتريث... لا للتعجل.\nفبعيدا عن العاطفة... \n🔴 تعريب تدريس علم من العلوم يشترط فيه تكاتف الجهود بين الجامعات والدول العربية على أعلى مستوى.\n👈 وأما ان تقوم جامعة وحدها (اي كانت هذه الجامعة) بتعريب علم محدد فهو في الحقيقة عزل لخريجي وباحثي هذه الجامعة عن العالم ووضعهم بعيدا عن استدراك جديد العلم او المشاركة فيه.\nببساطة هو حكم بالإعدام عليهم...\n📌 نحن مع التعريب الذي تتبناه دول ومؤسسات عالمية تعليمية بتكاتف واتحاد لا بجهود أحادية.\n\nاللَّهُمَّ أَبْرِمْ لِهَذِهِ الْأُمَّةِ أَمْرًا رَشدًا\n     🤲 اللهم آمين آمين 🤲", "media_url": ["https://pbs.twimg.com/media/Gh66K52WYAEXRAF.jpg"], "video_url": null, "user": {"creation_date": "Tue Jun 13 23:33:38 +0000 2017", "user_id": "874771776370352129", "username": "DrMahmoudSalemE", "name": "مَحْمُودْ سَالِمْ الْجِنْدِي", "follower_count": 102694, "following_count": 60, "favourites_count": 35668, "is_private": null, "is_verified": false, "is_blue_verified": true, "location": "İstanbul, Türkiye", "profile_pic_url": "https://pbs.twimg.com/profile_images/1177513555144241152/uERQOt3t_normal.jpg", "profile_banner_url": "https://pbs.twimg.com/profile_banners/874771776370352129/1497398077", "description": "كاتب ومتخصص فى علوم التاريخ والحضارة.", "external_url": "https://youtube.com/@drmahmoudsaleme?si=hmoPg_Q2J3r8O1FW", "number_of_tweets": 12585, "bot": false, "timestamp": 1497396818, "has_nft_avatar": false, "category": null, "default_profile": true, "default_profile_image": false, "listed_count": 143, "verified_type": null}, "language": "ar", "favorite_count": 282, "retweet_count": 40, "reply_count": 63, "quote_count": 3, "retweet": false, "views": 9440, "timestamp": 1737573643, "video_view_count": null, "in_reply_to_status_id": null, "quoted_status_id": null, "binding_values": null, "expanded_url": "https://x.com/DrMahmoudSalemE/status/1882146393785094469/photo/1", "retweet_tweet_id": null, "extended_entities": {"media": [{"display_url": "pic.x.com/jHunTWa7O0", "expanded_url": "https://x.com/DrMahmoudSalemE/status/1882146393785094469/photo/1", "id_str": "1882146390777683969", "indices": [277, 300], "media_key": "3_1882146390777683969", "media_url_https": "https://pbs.twimg.com/media/Gh66K52WYAEXRAF.jpg", "type": "photo", "url": "https://t.co/jHunTWa7O0", "ext_media_availability": {"status": "Available"}, "features": {"large": {"faces": []}, "medium": {"faces": []}, "small": {"faces": []}, "orig": {"faces": []}}, "sizes": {"large": {"h": 1080, "w": 1080, "resize": "fit"}, "medium": {"h": 1080, "w": 1080, "resize": "fit"}, "small": {"h": 680, "w": 680, "resize": "fit"}, "thumb": {"h": 150, "w": 150, "resize": "crop"}}, "original_info": {"height": 1080, "width": 1080, "focus_rects": [{"x": 0, "y": 475, "w": 1080, "h": 605}, {"x": 0, "y": 0, "w": 1080, "h": 1080}, {"x": 0, "y": 0, "w": 947, "h": 1080}, {"x": 189, "y": 0, "w": 540, "h": 1080}, {"x": 0, "y": 0, "w": 1080, "h": 1080}]}}]}, "conversation_id": "1882146393785094469", "retweet_status": null, "quoted_status": null, "bookmark_count": 6, "source": "Twitter for Android", "community_note": null}
{"tweet_id": "1885373666105713001", "creation_date": "Fri Jan 31 17:04:45 +0000 2025", "text": "#بث_مباشر | قراءة في كتاب \"الإمام البخاري وصحيحه\".. من داخل #جناح_الأزهر الشريف قاعة (٤) بـ #معرض_القاهرة_الدولي_للكتاب https://t.co/x0SC5E7AhG", "media_url": [], "video_url": null, "user": {"creation_date": "Thu Nov 27 13:24:29 +0000 2014", "user_id": "2894575251", "username": "AlAzhar", "name": "الأزهر الشريف", "follower_count": 648443, "following_count": 2, "favourites_count": 4, "is_private": null, "is_verified": false, "is_blue_verified": true, "location": "Cairo, Egypt", "profile_pic_url": "https://pbs.twimg.com/profile_images/1909253579031908353/Buhqwnhz_normal.jpg", "profile_banner_url": "https://pbs.twimg.com/profile_banners/2894575251/1744036499", "description": "الحساب الرسمي للأزهر الشريف", "external_url": "http://www.azhar.eg/", "number_of_tweets": 43960, "bot": false, "timestamp": 1417094669, "has_nft_avatar": false, "category": null, "default_profile": false, "default_profile_image": false, "listed_count": 559, "verified_type": null}, "language": "ar", "favorite_count": 35, "retweet_count": 7, "reply_count": 8, "quote_count": 1, "retweet": false, "views": 5715, "timestamp": 1738343085, "video_view_count": null, "in_reply_to_status_id": null, "quoted_status_id": null, "binding_values": null, "expanded_url": "https://x.com/i/broadcasts/1YqKDkNlEPBxV", "retweet_tweet_id": null, "extended_entities": null, "conversation_id": "1885373666105713001", "retweet_status": null, "quoted_status": null, "bookmark_count": 0, "source": "Periscope", "community_note": null}
{"tweet_id": "1882423108189233339", "creation_date": "Thu Jan 23 13:40:17 +0000 2025", "text": "لو سمحت\nارجوك\nابوس ايدك\nPlease \nS'il vous plaît\nبكل لغات العالم بترجاك\nمتحطش ح قبل اي فعل تاني ونبي\nخلي الأزهر يعرب العربي بتاعك انت الاول قبل العلوم", "media_url": [], "video_url": null, "user": {"creation_date": "Sat Jun 27 13:37:44 +0000 2020", "user_id": "1276872255436455937", "username": "ssadgirlautumn", "name": "منوزة", "follower_count": 12141, "following_count": 182, "favourites_count": 89862, "is_private": null, "is_verified": false, "is_blue_verified": false, "location": "", "profile_pic_url": "https://pbs.twimg.com/profile_images/1907189077289381888/BBo2uJis_normal.jpg", "profile_banner_url": "https://pbs.twimg.com/profile_banners/1276872255436455937/1741971906", "description": "number 1 بلبن hater", "external_url": "https://onvo.me/iO_Oi/", "number_of_tweets": 22568, "bot": false, "timestamp": 1593265064, "has_nft_avatar": false, "category": null, "default_profile": true, "default_profile_image": false, "listed_count": 11, "verified_type": null}, "language": "ar", "favorite_count": 447, "retweet_count": 24, "reply_count": 1, "quote_count": 1, "retweet": false, "views": 14547, "timestamp": 1737639617, "video_view_count": null, "in_reply_to_status_id": null, "quoted_status_id": "1882031177336582598", "binding_values": null, "expanded_url": null, "retweet_tweet_id": null, "extended_entities": null, "conversation_id": "1882423108189233339", "retweet_status": null, "quoted_status": {"tweet_id": "1882031177336582598", "creation_date": "Wed Jan 22 11:42:53 +0000 2025", "text": "سعيد بقرار تعريب العلوم في الأزهر\nكده نضمن انهم مش حيلاقوا شغل إلا في الأزهر، ولا حد حيدعوهم لمؤتمر علمي، ولا أى جامعة في الخليج حتستعيرهم، فحيتخرب بيتهم، ومع حصول ده حيبطل الأزهر يبقى البوابة الخلفية لدراسة الطب والهندسة بمجاميع قليلة\nاللي مش مصدق يسأل دكاترة سوريا ضحايا التعريب", "media_url": null, "video_url": null, "user": {"creation_date": "Tue Jan 11 21:54:52 +0000 2011", "user_id": "237013596", "username": "moomenadly", "name": "Moomen Sallam", "follower_count": 2853, "following_count": 476, "favourites_count": 33123, "is_private": null, "is_verified": false, "is_blue_verified": false, "location": "Alexandria, Egypt", "profile_pic_url": "https://pbs.twimg.com/profile_images/1848735743511789569/uJ9DTh0Z_normal.jpg", "profile_banner_url": "https://pbs.twimg.com/profile_banners/237013596/1491398587", "description": "#secular, #liberal & #Egyptian\n#علماني #ليبرالي #مصري", "external_url": "https://www.youtube.com/@moomens/", "number_of_tweets": 10869, "bot": false, "timestamp": 1294782892, "has_nft_avatar": false, "category": null, "default_profile": false, "default_profile_image": false, "listed_count": 9, "verified_type": null}, "language": "ar", "favorite_count": 1423, "retweet_count": 169, "reply_count": 160, "quote_count": 72, "retweet": false, "views": null, "timestamp": 1737546173, "video_view_count": null, "in_reply_to_status_id": null, "quoted_status_id": null, "binding_values": null, "expanded_url": null, "retweet_tweet_id": null, "extended_entities": null, "conversation_id": "1882031177336582598", "retweet_status": null, "quoted_status": null, "bookmark_count": 158, "source": null, "community_note": null}, "bookmark_count": 6, "source": "Twitter for Android", "community_note": null}
{"tweet_id": "1885339870115008891", "creation_date": "Fri Jan 31 14:50:27 +0000 2025", "text": "وكيل الأزهر الأسبق: شعب مصر كله جيش.. ومستعد للتضحية والدفاع عن وطنه مهما كلفه ذلك\n\nالمصدر: خطبة الجمعة اليوم بالجامع الأزهر لـ الدكتور عباس شومان https://t.co/Ze6v16AopD", "media_url": ["https://pbs.twimg.com/media/GioSnU_WcAAjG6t.jpg"], "video_url": null, "user": {"creation_date": "Mon Jul 17 21:26:05 +0000 2017", "user_id": "887060863584280576", "username": "cairo24_", "name": "Cairo 24 - القاهرة 24", "follower_count": 288311, "following_count": 396, "favourites_count": 294, "is_private": null, "is_verified": false, "is_blue_verified": true, "location": "Giza, Egypt", "profile_pic_url": "https://pbs.twimg.com/profile_images/1721156972915920896/UMp32K1r_normal.jpg", "profile_banner_url": "https://pbs.twimg.com/profile_banners/887060863584280576/1736619771", "description": "الحساب الرسمي لـ القاهرة 24 موقع صحفي مصري يومي يعمل على مدار الـ24 ساعة  Official account for https://t.co/xyEOdZbdMi", "external_url": "http://cairo24.com", "number_of_tweets": 173454, "bot": false, "timestamp": 1500326765, "has_nft_avatar": false, "category": null, "default_profile": true, "default_profile_image": false, "listed_count": 434, "verified_type": null}, "language": "ar", "favorite_count": 200, "retweet_count": 19, "reply_count": 16, "quote_count": 2, "retweet": false, "views": 5248, "timestamp": 1738335027, "video_view_count": null, "in_reply_to_status_id": null, "quoted_status_id": null, "binding_values": null, "expanded_url": "https://x.com/cairo24_/status/1885339870115008891/photo/1", "retweet_tweet_id": null, "extended_entities": {"media": [{"display_url": "pic.x.com/Ze6v16AopD", "expanded_url": "https://x.com/cairo24_/status/1885339870115008891/photo/1", "id_str": "1885339860866592768", "indices": [147, 170], "media_key": "3_1885339860866592768", "media_url_https": "https://pbs.twimg.com/media/GioSnU_WcAAjG6t.jpg", "type": "photo", "url": "https://t.co/Ze6v16AopD", "ext_media_availability": {"status": "Available"}, "features": {"large": {"faces": []}, "medium": {"faces": []}, "small": {"faces": []}, "orig": {"faces": []}}, "sizes": {"large": {"h": 1080, "w": 1080, "resize": "fit"}, "medium": {"h": 1080, "w": 1080, "resize": "fit"}, "small": {"h": 680, "w": 680, "resize": "fit"}, "thumb": {"h": 150, "w": 150, "resize": "crop"}}, "original_info": {"height": 1080, "width": 1080, "focus_rects": [{"x": 0, "y": 475, "w": 1080, "h": 605}, {"x": 0, "y": 0, "w": 1080, "h": 1080}, {"x": 0, "y": 0, "w": 947, "h": 1080}, {"x": 135, "y": 0, "w": 540, "h": 1080}, {"x": 0, "y": 0, "w": 1080, "h": 1080}]}}]}, "conversation_id": "1885339870115008891", "retweet_status": null, "quoted_status": null, "bookmark_count": 2, "source": "Twitter Web App", "community_note": null}
{"tweet_id": "1884923110727582119", "creation_date": "Thu Jan 30 11:14:24 +0000 2025", "text": "#ليلة_الجمعة \n\nاللهُم صل وسلم على صاحب الوجه الأنور والجبين الأزهر ، والشفيع المُشفع يوم المحشر صلى الله عليه وسلم🤲🏻🌿🤍 https://t.co/22cEAnqdkC", "media_url": ["https://pbs.twimg.com/media/GiiXkrNXAAA93OX.jpg"], "video_url": null, "user": {"creation_date": "Wed Jun 05 10:38:43 +0000 2013", "user_id": "1484662740", "username": "tayypeachy", "name": "♔ أبو ؏ــبــدﷲ ♔", "follower_count": 63147, "following_count": 30840, "favourites_count": 26817, "is_private": null, "is_verified": false, "is_blue_verified": false, "location": "Makkah Al Mukarrama", "profile_pic_url": "https://pbs.twimg.com/profile_images/1895362017319350272/X05ERCNx_normal.jpg", "profile_banner_url": "https://pbs.twimg.com/profile_banners/1484662740/1736904206", "description": "", "external_url": null, "number_of_tweets": 62492, "bot": false, "timestamp": 1370428723, "has_nft_avatar": false, "category": null, "default_profile": true, "default_profile_image": false, "listed_count": 1, "verified_type": null}, "language": "ar", "favorite_count": 49, "retweet_count": 7, "reply_count": 22, "quote_count": 1, "retweet": false, "views": 1060, "timestamp": 1738235664, "video_view_count": null, "in_reply_to_status_id": null, "quoted_status_id": null, "binding_values": null, "expanded_url": "https://x.com/tayypeachy/status/1884923110727582119/photo/1", "retweet_tweet_id": null, "extended_entities": {"media": [{"display_url": "pic.x.com/22cEAnqdkC", "expanded_url": "https://x.com/tayypeachy/status/1884923110727582119/photo/1", "id_str": "1884923100384395264", "indices": [119, 142], "media_key": "3_1884923100384395264", "media_url_https": "https://pbs.twimg.com/media/GiiXkrNXAAA93OX.jpg", "type": "photo", "url": "https://t.co/22cEAnqdkC", "ext_media_availability": {"status": "Available"}, "features": {"large": {"faces": []}, "medium": {"faces": []}, "small": {"faces": []}, "orig": {"faces": []}}, "sizes": {"large": {"h": 1240, "w": 1216, "resize": "fit"}, "medium": {"h": 1200, "w": 1177, "resize": "fit"}, "small": {"h": 680, "w": 667, "resize": "fit"}, "thumb": {"h": 150, "w": 150, "resize": "crop"}}, "original_info": {"height": 1240, "width": 1216, "focus_rects": [{"x": 0, "y": 0, "w": 1216, "h": 681}, {"x": 0, "y": 0, "w": 1216, "h": 1216}, {"x": 0, "y": 0, "w": 1088, "h": 1240}, {"x": 154, "y": 0, "w": 620, "h": 1240}, {"x": 0, "y": 0, "w": 1216, "h": 1240}]}}]}, "conversation_id": "1884923110727582119", "retweet_status": null, "quoted_status": null, "bookmark_count": 0, "source": "Twitter for iPhone", "community_note": null}
{"tweet_id": "1884211521066303753", "creation_date": "Tue Jan 28 12:06:48 +0000 2025", "text": "جولة بالمتحف المصرى الكبير 𓂀\nلطلاب الازهر ☪️\nمع المرشد السياحى كيرلس ✝️\n\nو هى دى مصر يا سادة \nاحنا مصريين بالچينات مهما اختلف الزمان واختلفت الاديان هنفضلوا مصريين و بس 🇪🇬❤️ https://t.co/tdKjOrq9Ia", "media_url": ["https://pbs.twimg.com/ext_tw_video_thumb/1884211469039915008/pu/img/e3n5nfkQ8FixtRwP.jpg"], "video_url": [{"content_type": "application/x-mpegURL", "url": "https://video.twimg.com/ext_tw_video/1884211469039915008/pu/pl/9U_tHhF6rZTFLjCC.m3u8?tag=12&v=cfc"}, {"bitrate": 632000, "content_type": "video/mp4", "url": "https://video.twimg.com/ext_tw_video/1884211469039915008/pu/vid/avc1/320x568/3WDuj35devRTwD5L.mp4?tag=12"}, {"bitrate": 950000, "content_type": "video/mp4", "url": "https://video.twimg.com/ext_tw_video/1884211469039915008/pu/vid/avc1/480x852/st4qKQUgaPBoZPey.mp4?tag=12"}, {"bitrate": 2176000, "content_type": "video/mp4", "url": "https://video.twimg.com/ext_tw_video/1884211469039915008/pu/vid/avc1/720x1280/QhGvg7YdYcjQR6h6.mp4?tag=12"}], "user": {"creation_date": "Fri Jan 08 04:41:38 +0000 2021", "user_id": "1347402997970722818", "username": "enas_eldeeb3", "name": "ENAS ELDEEB 🇪🇬", "follower_count": 4267, "following_count": 194, "favourites_count": 10646, "is_private": null, "is_verified": false, "is_blue_verified": false, "location": "مصر", "profile_pic_url": "https://pbs.twimg.com/profile_images/1877773746246651904/vYLdNlkr_normal.jpg", "profile_banner_url": "https://pbs.twimg.com/profile_banners/1347402997970722818/1727080273", "description": "فــنــانــة تـشـگـيـلـيـة 🎨🖌🖍\nباحثة فى علم التاريخ و الحضارة المصرية القديمة 𓂀", "external_url": null, "number_of_tweets": 10803, "bot": false, "timestamp": 1610080898, "has_nft_avatar": false, "category": null, "default_profile": true, "default_profile_image": false, "listed_count": 5, "verified_type": null}, "language": "ar", "favorite_count": 1603, "retweet_count": 267, "reply_count": 51, "quote_count": 36, "retweet": false, "views": 78023, "timestamp": 1738066008, "video_view_count": null, "in_reply_to_status_id": null, "quoted_status_id": null, "binding_values": null, "expanded_url": "https://x.com/enas_eldeeb3/status/1884211521066303753/video/1", "retweet_tweet_id": null, "extended_entities": {"media": [{"display_url": "pic.x.com/tdKjOrq9Ia", "expanded_url": "https://x.com/enas_eldeeb3/status/1884211521066303753/video/1", "id_str": "1884211469039915008", "indices": [174, 197], "media_key": "7_1884211469039915008", "media_url_https": "https://pbs.twimg.com/ext_tw_video_thumb/1884211469039915008/pu/img/e3n5nfkQ8FixtRwP.jpg", "type": "video", "url": "https://t.co/tdKjOrq9Ia", "additional_media_info": {"monetizable": false}, "ext_media_availability": {"status": "Available"}, "sizes": {"large": {"h": 1280, "w": 720, "resize": "fit"}, "medium": {"h": 1200, "w": 675, "resize": "fit"}, "small": {"h": 680, "w": 383, "resize": "fit"}, "thumb": {"h": 150, "w": 150, "resize": "crop"}}, "original_info": {"height": 1280, "width": 720, "focus_rects": []}, "video_info": {"aspect_ratio": [9, 16], "duration_millis": 14235, "variants": [{"content_type": "application/x-mpegURL", "url": "https://video.twimg.com/ext_tw_video/1884211469039915008/pu/pl/9U_tHhF6rZTFLjCC.m3u8?tag=12&v=cfc"}, {"bitrate": 632000, "content_type": "video/mp4", "url": "https://video.twimg.com/ext_tw_video/1884211469039915008/pu/vid/avc1/320x568/3WDuj35devRTwD5L.mp4?tag=12"}, {"bitrate": 950000, "content_type": "video/mp4", "url": "https://video.twimg.com/ext_tw_video/1884211469039915008/pu/vid/avc1/480x852/st4qKQUgaPBoZPey.mp4?tag=12"}, {"bitrate": 2176000, "content_type": "video/mp4", "url": "https://video.twimg.com/ext_tw_video/1884211469039915008/pu/vid/avc1/720x1280/QhGvg7YdYcjQR6h6.mp4?tag=12"}]}}]}, "conversation_id": "1884211521066303753", "retweet_status": null, "quoted_status": null, "bookmark_count": 75, "source": "Twitter for Android", "community_note": null}
