﻿post_id,type,url,message,timestamp,comments_count,reactions_count,reshare_count,Post ID,author_id,author_name,author_url,author_profile_picture_url,reactions_angry,reactions_care,reactions_haha,reactions_like,reactions_love,reactions_sad,reactions_wow
736693575563978,post,https://www.facebook.com/Elbalyananews2025/videos/1700418094175258/,"بلاغ الي وزارة الداخلية 
🔴وصلتنا معلومات مفزعة ومؤلمة لا يمكن السكوت عنها في المجاورة الثالثة بالعاشر من رمضان تدور حول واقعة ضرب مبرح وغير طبيعي يتعرض له طفل بريء على يد والديه، استمر لأكثر من ساعة، وذلك في المجاورة الثالثة
#انقذوا_الطفل #العاشر_من_رمضان #لا_للعنف_ضد_الأطفال #حماية_الطفولة #عنف_أسري #خط_نجدة_الطفل #صرخة_طفل #مصر #الصفحةالرسميةلوزارةالداخلية 
#الشرطةالمصرية
#النيابةالعامة",28/06/2025,51,79,49,736693575563978,100076700250571,اخبار قري ونجوع البلينا,https://www.facebook.com/Elbalyananews2025,https://scontent.fhan3-2.fna.fbcdn.net/v/t39.30808-1/515013439_738274082072594_8631670685123319652_n.jpg?stp=cp0_dst-jpg_s80x80_tt6&_nc_cat=107&ccb=1-7&_nc_sid=2d3e12&_nc_ohc=krBFVm7oqo0Q7kNvwHEaZgK&_nc_oc=Adk3hxe5k9riHHjylC4E-2AMVepjg_jJlXCavw9GMzhiwMPKt-fdHh1HUjTSa5qnVX8&_nc_zt=24&_nc_ht=scontent.fhan3-2.fna&_nc_gid=RUulF70QWiz-_bANWS6nYQ&oh=00_AfO10Wu4-3n1zMLn2VzpBK01jVmB8z2sta43h_-cbxAREw&oe=686C65B1,12,0,1,38,0,27,1
1215257893945839,post,https://www.facebook.com/reel/1736575647221975/,"انا مبنزلش أحداث من دي بس انا قلبي وجعني من صراخ الطفل ...
🙏محدش يعمل أغضبني 🙏
 🚨لانه هيوقف انتشار الفديوا 🚨وانا عاوزه يتشير و يلف الدنيا عشان المفتري ده يتجاب ....
حرام عليه دا فيه ناس بتدفع ملايين عشان ضفر عيل ي مفتري .. انا عاوز الفديوا ينتشر عشان اشوفه مشرف علي صفحه الداخليه بكرا ....

#doctormoble #bmw #مصر",28/06/2025,314,832,160,1215257893945839,100063849193852,Doctor Moble,https://www.facebook.com/doctormoble,https://scontent.fhan3-5.fna.fbcdn.net/v/t39.30808-1/449208963_929413065863658_9217471033813538849_n.jpg?stp=cp0_dst-jpg_p80x80_tt6&_nc_cat=1&ccb=1-7&_nc_sid=2d3e12&_nc_ohc=_u5kNeWlCeQQ7kNvwGM6m7j&_nc_oc=AdlNXVSgzn5vkJSwxQ2wLLR8XulvX88Jak3fNIldqtE8R1g47X8hcwBhFbP1fpRw_vs&_nc_zt=24&_nc_ht=scontent.fhan3-5.fna&_nc_gid=RUulF70QWiz-_bANWS6nYQ&oh=00_AfPJhLBVng-wbq0JtkQ1gTUxEfGc17f3kug8cjdedU_gfg&oe=686C65FD,90,3,1,378,1,339,20
1116962637285299,post,https://www.facebook.com/AJA.Egypt/posts/pfbid02VVq3rkosArLskGFBa3FcZDefpMUXKR1hJfsfKwpjihDjNPuBwZeDj5pW1wB9rWoKl,النادي #الأهلي ينعى في بيان له لاعب ليفربول #ديوغو_جوتا وشقيقه أندريه سيلفا بعد مصرعهما في حادث سير قرب الحدود البرتغالية الإسبانية,03/07/2025,140,574,9,1116962637285299,100069147198059,الجزيرة - مصر,https://www.facebook.com/AJA.Egypt,https://scontent.fhan4-4.fna.fbcdn.net/v/t39.30808-1/347410136_3065757743721166_6898468462135323197_n.png?stp=cp0_dst-png&cstp=mx880x880&ctp=s80x80&_nc_cat=1&ccb=1-7&_nc_sid=2d3e12&_nc_ohc=7w_WnMVoDfMQ7kNvwF3_YYQ&_nc_oc=AdkFMAIC7IqOssovhS_hDI6Ckhsci7KWiINBYCOrNe5-tkvB9aN7LFaOQKos8NuwH80&_nc_zt=24&_nc_ht=scontent.fhan4-4.fna&_nc_gid=JNEYt76AE2QIrdHXK80EAQ&oh=00_AfN7a4FexMOR7q4v6yzTWCIh14gNAlVEl8szyXp2P1Gs6g&oe=686C443B,2,5,116,274,16,161,0
9979252812122947,post,https://www.facebook.com/NAIROZAlGAMODI/posts/pfbid04yUeFCQBgDgWNyLtPzbTci9NFXAigVkueFPjVFgbLkjgz5mpVz8LwyVmiRmVu6Epl,"والله من البارح مش قادره نتخطي حادث مصر 

ووفاة 19 بنت 

ام احد الضحايا 

""محدش يصوت على بنتى ""
انا بنتى بتخاااااف محدش يصوت عليها💔💔💔💔💔💔💔

كلمات قطعت قلبي",28/06/2025,285,772,1,9979252812122947,100001149811433,Nairoz Algamodi,https://www.facebook.com/NAIROZAlGAMODI,https://scontent.fmbj2-2.fna.fbcdn.net/v/t39.30808-1/491799435_9480882688626631_9210945007262347950_n.jpg?stp=cp0_dst-jpg_s80x80_tt6&_nc_cat=106&ccb=1-7&_nc_sid=1d2534&_nc_ohc=PsyMsYiRb-AQ7kNvwGh8RDn&_nc_oc=AdmHVG0dbq8JS0MWj_tbbaNanQwAtiz8zETeUVrNEwlhCxlfJtVXHA-ClXUkLW1aR_g&_nc_zt=24&_nc_ht=scontent.fmbj2-2.fna&_nc_gid=Wn2l2hRnKjnMMYuNSlStuw&oh=00_AfPEvvbEmTTvgFm4zCK4CqnSNv_FJ5YWmWf6A8ZQ2pC9aw&oe=686C4240,1,1,1,341,3,425,0
1201860028635144,post,https://www.facebook.com/SkyNewsArabia/videos/1248042130101671/,"حادثة هزت مصر.. تفاصيل حزينة لمأساة ""فتيات العنب""

#سوشال_سكاي
#مصر 
#فتيات_العنب",28/06/2025,473,3515,114,1201860028635144,100064334753768,Sky News Arabia سكاي نيوز عربية,https://www.facebook.com/SkyNewsArabia,https://scontent.fsgn20-1.fna.fbcdn.net/v/t39.30808-1/352531493_1448201142594325_8273246951092189969_n.jpg?stp=cp0_dst-jpg_s80x80_tt6&_nc_cat=1&ccb=1-7&_nc_sid=2d3e12&_nc_ohc=EAXYdGjzqqgQ7kNvwEqk0TA&_nc_oc=Adl7NrIkZhHzJ2KLy3MExZtB7zfXUlduT728Shsa0WkXvZYEXhf2MF59EfKgrozPmtE&_nc_zt=24&_nc_ht=scontent.fsgn20-1.fna&_nc_gid=2Ab14thxEpmy_HOiV4cG3A&oh=00_AfPVtKCDLqZ4ghJN4NKKxt7lmATfdHaf-2JV71QdPNjzKg&oe=686C4191,13,6,2,1860,9,1609,16
1286110972905145,post,https://www.facebook.com/groups/703410147841900/posts/1286110972905145/,"متقفش لحد تاخده في طريقك مهما حصل

طع.نتان في منتصف الليل.. سائق شريف وثق في غريب فكان الثمن حياته!
في جريمة صادمة جمعت بين الغدر وقسوة القلوب، حاول شاب إنهاء حياة سائق بسيط طمعًا في المال، بعدما طلب منه توصيلة في ساعة متأخرة من الليل، فكافأه بطعنتين نافذتين!

🕐 الوقت: الواحدة صباحًا
📍 المكان:  محافظة الشرقية
👤 الضحية: عبد الباقي محمد خيري – سائق ومندوب مبيعات – من قرية كفر عجيبة مركز ههيا
👤 الجاني: محمد ر. ع – من ضواحي المنسترلي – مركز أبو كبير

تفاصيل الجريمة بدأت حين استوقف الجاني السائق طالبًا توصيلة، فاستجاب له كعادة الطيبين. وما إن خلت بهما الطريق، حتى كشف عن نواياه الخبيثة، وسدد للسائق طعنة في الرقبة وأخرى في البطن، محاولًا قتله وسرقة أمواله وسيارته.

لكن العناية الإلهية كانت حاضرة، فسمع عدد من شباب كفر الغول صرخات الضحية، وهبوا لإنقاذه، وتمكنوا من الإمساك بالجاني وتسليمه للشرطة.

🚨 تم نقل السائق في حالة حرجة للمستشفى، وسط دعوات الأهالي له بالشفاء.
📝 وتم تحرير المحضر اللازم وعرض المتهم على النيابة العامة.

⚠️ الدرس المؤلم: لا تثق بالغرباء في ساعات متأخرة من الليل.. الطيبون صاروا فريسة سهلة!

📸 الصورة: لحظة تحفظ الأهالي على الجاني بعد القبض عليه.",02/07/2025,110,606,107,1286110972905145,pfbid02RZguk9XZxxoDKN1g755L1Z1WNnQZ1zYDiVZcDNMQNpZaK8JqmWFkAbk6TbUyW2hHl,Bibo Rock,https://www.facebook.com/bibo.rock.5,https://scontent.fsgn19-1.fna.fbcdn.net/v/t39.30808-1/330809544_1554879464923451_5777334321359078237_n.jpg?stp=c8.0.529.529a_cp0_dst-jpg_s48x48_tt6&_nc_cat=108&ccb=1-7&_nc_sid=e99d92&_nc_ohc=CIexcCyscCYQ7kNvwG8gFZv&_nc_oc=AdnKaKB2R7nFDxB0OHLWxIVP3t1wtEtbbp-oom3mNrJ_bBU2-yxIS7eIsti0-g7XDig&_nc_zt=24&_nc_ht=scontent.fsgn19-1.fna&_nc_gid=aoEOruNmF80cs7DTEJCw8g&oh=00_AfNS0fcMoK3dYfSe4_81j9tlIZXO6Ngj1OiFJfQnJuibww&oe=686C5A66,100,2,0,336,2,163,3
