{
  "al ahly": "الأهلي",
  "zamalek": "الزمالك",
  "ismaily": "الإسماعيلي",
  "al masry": "المصري",
  "pyramids": "بيراميدز",

  "tahrir square": "ميدان التحرير",
  "nasr city": "مدينة نصر",
  "dokki": "الدقي",
  "zamalek": "الزمالك",
  "maadi": "المعادي",
  "alazhar": "الأزهر",
  "palastaine": "فلسطين",

  "vodafone": "فودافون",
  "etisalat": "اتصالات",
  "we": "وي",
  "orange": "أورنج",
  "telecom egypt": "المصرية للاتصالات",

  "koshary el tahrir": "كشري التحرير",
  "el domiaty": "الدمياطي",
  "makani": "مكانى",
  "gad": "جاد",
  "abo shanab": "أبو شنب",

  "starbucks": "ستاربكس",
  "beanos": "بينوس",
  "cilantro": "سيلانترو",
  "espresso lab": "إسبريسو لاب",
  "sequoia": "سيكويا",

  "mohamed salah": "محمد صلاح",
  "adel imam": "عادل إمام",
  "amr diab": "عمرو دياب",
  "ahmed helmy": "أحمد حلمي",
  "yousra": "يسرا",

  "cairo university": "جامعة القاهرة",
  "ain shams university": "جامعة عين شمس",
  "alexandria university": "جامعة الإسكندرية",
  "guc": "الجامعة الألمانية",
  "bue": "الجامعة البريطانية",

  "national bank of egypt": "البنك الأهلي المصري",
  "banque misr": "بنك مصر",
  "cib": "البنك التجاري الدولي",
  "qnb": "بنك قطر الوطني",
  "hsbc egypt": "بنك HSBC مصر",

  "57357": "مستشفى 57357",
  "kasr el ainy": "مستشفى قصر العيني",
  "dar el fouad": "مستشفى دار الفؤاد",
  "as-salam hospital": "مستشفى السلام",
  "cleopatra hospital": "مستشفى كليوباترا",


  "cairo book fair": "معرض القاهرة الدولي للكتاب",
  "alexandria film festival": "مهرجان الإسكندرية السينمائي الدولي",
  "cairo international film festival": "مهرجان القاهرة السينمائي الدولي",
  "egypt air show": "معرض مصر الجوي",
  "egypt auto show": "معرض السيارات المصري"
}

