[
  {
    "post_id":736693575563978,
    "type":"post",
    "url":"https:\/\/www.facebook.com\/Elbalyananews2025\/videos\/1700418094175258\/",
    "message":"بلاغ الي وزارة الداخلية \n🔴وصلتنا معلومات مفزعة ومؤلمة لا يمكن السكوت عنها في المجاورة الثالثة بالعاشر من رمضان تدور حول واقعة ضرب مبرح وغير طبيعي يتعرض له طفل بريء على يد والديه، استمر لأكثر من ساعة، وذلك في المجاورة الثالثة\n#انقذوا_الطفل #العاشر_من_رمضان #لا_للعنف_ضد_الأطفال #حماية_الطفولة #عنف_أسري #خط_نجدة_الطفل #صرخة_طفل #مصر #الصفحةالرسميةلوزارةالداخلية \n#الشرطةالمصرية\n#النيابةالعامة",
    "timestamp":"28\/06\/2025",
    "comments_count":51,
    "reactions_count":79,
    "reshare_count":49,
    "Post ID":736693575563978,
    "author_id":"100076700250571",
    "author_name":"اخبار قري ونجوع البلينا",
    "author_url":"https:\/\/www.facebook.com\/Elbalyananews2025",
    "author_profile_picture_url":"https:\/\/scontent.fhan3-2.fna.fbcdn.net\/v\/t39.30808-1\/515013439_738274082072594_8631670685123319652_n.jpg?stp=cp0_dst-jpg_s80x80_tt6&_nc_cat=107&ccb=1-7&_nc_sid=2d3e12&_nc_ohc=krBFVm7oqo0Q7kNvwHEaZgK&_nc_oc=Adk3hxe5k9riHHjylC4E-2AMVepjg_jJlXCavw9GMzhiwMPKt-fdHh1HUjTSa5qnVX8&_nc_zt=24&_nc_ht=scontent.fhan3-2.fna&_nc_gid=RUulF70QWiz-_bANWS6nYQ&oh=00_AfO10Wu4-3n1zMLn2VzpBK01jVmB8z2sta43h_-cbxAREw&oe=686C65B1",
    "reactions_angry":12,
    "reactions_care":0,
    "reactions_haha":1,
    "reactions_like":38,
    "reactions_love":0,
    "reactions_sad":27,
    "reactions_wow":1,
    "predicted_sentiment":"Mixed"
  },
  {
    "post_id":1215257893945839,
    "type":"post",
    "url":"https:\/\/www.facebook.com\/reel\/1736575647221975\/",
    "message":"انا مبنزلش أحداث من دي بس انا قلبي وجعني من صراخ الطفل ...\n🙏محدش يعمل أغضبني 🙏\n 🚨لانه هيوقف انتشار الفديوا 🚨وانا عاوزه يتشير و يلف الدنيا عشان المفتري ده يتجاب ....\nحرام عليه دا فيه ناس بتدفع ملايين عشان ضفر عيل ي مفتري .. انا عاوز الفديوا ينتشر عشان اشوفه مشرف علي صفحه الداخليه بكرا ....\n\n#doctormoble #bmw #مصر",
    "timestamp":"28\/06\/2025",
    "comments_count":314,
    "reactions_count":832,
    "reshare_count":160,
    "Post ID":1215257893945839,
    "author_id":"100063849193852",
    "author_name":"Doctor Moble",
    "author_url":"https:\/\/www.facebook.com\/doctormoble",
    "author_profile_picture_url":"https:\/\/scontent.fhan3-5.fna.fbcdn.net\/v\/t39.30808-1\/449208963_929413065863658_9217471033813538849_n.jpg?stp=cp0_dst-jpg_p80x80_tt6&_nc_cat=1&ccb=1-7&_nc_sid=2d3e12&_nc_ohc=_u5kNeWlCeQQ7kNvwGM6m7j&_nc_oc=AdlNXVSgzn5vkJSwxQ2wLLR8XulvX88Jak3fNIldqtE8R1g47X8hcwBhFbP1fpRw_vs&_nc_zt=24&_nc_ht=scontent.fhan3-5.fna&_nc_gid=RUulF70QWiz-_bANWS6nYQ&oh=00_AfPJhLBVng-wbq0JtkQ1gTUxEfGc17f3kug8cjdedU_gfg&oe=686C65FD",
    "reactions_angry":90,
    "reactions_care":3,
    "reactions_haha":1,
    "reactions_like":378,
    "reactions_love":1,
    "reactions_sad":339,
    "reactions_wow":20,
    "predicted_sentiment":"Negative"
  },
  {
    "post_id":1116962637285299,
    "type":"post",
    "url":"https:\/\/www.facebook.com\/AJA.Egypt\/posts\/pfbid02VVq3rkosArLskGFBa3FcZDefpMUXKR1hJfsfKwpjihDjNPuBwZeDj5pW1wB9rWoKl",
    "message":"النادي #الأهلي ينعى في بيان له لاعب ليفربول #ديوغو_جوتا وشقيقه أندريه سيلفا بعد مصرعهما في حادث سير قرب الحدود البرتغالية الإسبانية",
    "timestamp":"03\/07\/2025",
    "comments_count":140,
    "reactions_count":574,
    "reshare_count":9,
    "Post ID":1116962637285299,
    "author_id":"100069147198059",
    "author_name":"الجزيرة - مصر",
    "author_url":"https:\/\/www.facebook.com\/AJA.Egypt",
    "author_profile_picture_url":"https:\/\/scontent.fhan4-4.fna.fbcdn.net\/v\/t39.30808-1\/347410136_3065757743721166_6898468462135323197_n.png?stp=cp0_dst-png&cstp=mx880x880&ctp=s80x80&_nc_cat=1&ccb=1-7&_nc_sid=2d3e12&_nc_ohc=7w_WnMVoDfMQ7kNvwF3_YYQ&_nc_oc=AdkFMAIC7IqOssovhS_hDI6Ckhsci7KWiINBYCOrNe5-tkvB9aN7LFaOQKos8NuwH80&_nc_zt=24&_nc_ht=scontent.fhan4-4.fna&_nc_gid=JNEYt76AE2QIrdHXK80EAQ&oh=00_AfN7a4FexMOR7q4v6yzTWCIh14gNAlVEl8szyXp2P1Gs6g&oe=686C443B",
    "reactions_angry":2,
    "reactions_care":5,
    "reactions_haha":116,
    "reactions_like":274,
    "reactions_love":16,
    "reactions_sad":161,
    "reactions_wow":0,
    "predicted_sentiment":"Positive"
  },
  {
    "post_id":9979252812122947,
    "type":"post",
    "url":"https:\/\/www.facebook.com\/NAIROZAlGAMODI\/posts\/pfbid04yUeFCQBgDgWNyLtPzbTci9NFXAigVkueFPjVFgbLkjgz5mpVz8LwyVmiRmVu6Epl",
    "message":"والله من البارح مش قادره نتخطي حادث مصر \n\nووفاة 19 بنت \n\nام احد الضحايا \n\n\"محدش يصوت على بنتى \"\nانا بنتى بتخاااااف محدش يصوت عليها💔💔💔💔💔💔💔\n\nكلمات قطعت قلبي",
    "timestamp":"28\/06\/2025",
    "comments_count":285,
    "reactions_count":772,
    "reshare_count":1,
    "Post ID":9979252812122947,
    "author_id":"100001149811433",
    "author_name":"Nairoz Algamodi",
    "author_url":"https:\/\/www.facebook.com\/NAIROZAlGAMODI",
    "author_profile_picture_url":"https:\/\/scontent.fmbj2-2.fna.fbcdn.net\/v\/t39.30808-1\/491799435_9480882688626631_9210945007262347950_n.jpg?stp=cp0_dst-jpg_s80x80_tt6&_nc_cat=106&ccb=1-7&_nc_sid=1d2534&_nc_ohc=PsyMsYiRb-AQ7kNvwGh8RDn&_nc_oc=AdmHVG0dbq8JS0MWj_tbbaNanQwAtiz8zETeUVrNEwlhCxlfJtVXHA-ClXUkLW1aR_g&_nc_zt=24&_nc_ht=scontent.fmbj2-2.fna&_nc_gid=Wn2l2hRnKjnMMYuNSlStuw&oh=00_AfPEvvbEmTTvgFm4zCK4CqnSNv_FJ5YWmWf6A8ZQ2pC9aw&oe=686C4240",
    "reactions_angry":1,
    "reactions_care":1,
    "reactions_haha":1,
    "reactions_like":341,
    "reactions_love":3,
    "reactions_sad":425,
    "reactions_wow":0,
    "predicted_sentiment":"Negative"
  },
  {
    "post_id":1201860028635144,
    "type":"post",
    "url":"https:\/\/www.facebook.com\/SkyNewsArabia\/videos\/1248042130101671\/",
    "message":"حادثة هزت مصر.. تفاصيل حزينة لمأساة \"فتيات العنب\"\n\n#سوشال_سكاي\n#مصر \n#فتيات_العنب",
    "timestamp":"28\/06\/2025",
    "comments_count":473,
    "reactions_count":3515,
    "reshare_count":114,
    "Post ID":1201860028635144,
    "author_id":"100064334753768",
    "author_name":"Sky News Arabia سكاي نيوز عربية",
    "author_url":"https:\/\/www.facebook.com\/SkyNewsArabia",
    "author_profile_picture_url":"https:\/\/scontent.fsgn20-1.fna.fbcdn.net\/v\/t39.30808-1\/352531493_1448201142594325_8273246951092189969_n.jpg?stp=cp0_dst-jpg_s80x80_tt6&_nc_cat=1&ccb=1-7&_nc_sid=2d3e12&_nc_ohc=EAXYdGjzqqgQ7kNvwEqk0TA&_nc_oc=Adl7NrIkZhHzJ2KLy3MExZtB7zfXUlduT728Shsa0WkXvZYEXhf2MF59EfKgrozPmtE&_nc_zt=24&_nc_ht=scontent.fsgn20-1.fna&_nc_gid=2Ab14thxEpmy_HOiV4cG3A&oh=00_AfPVtKCDLqZ4ghJN4NKKxt7lmATfdHaf-2JV71QdPNjzKg&oe=686C4191",
    "reactions_angry":13,
    "reactions_care":6,
    "reactions_haha":2,
    "reactions_like":1860,
    "reactions_love":9,
    "reactions_sad":1609,
    "reactions_wow":16,
    "predicted_sentiment":"Mixed"
  },
  {
    "post_id":1286110972905145,
    "type":"post",
    "url":"https:\/\/www.facebook.com\/groups\/703410147841900\/posts\/1286110972905145\/",
    "message":"متقفش لحد تاخده في طريقك مهما حصل\n\nطع.نتان في منتصف الليل.. سائق شريف وثق في غريب فكان الثمن حياته!\nفي جريمة صادمة جمعت بين الغدر وقسوة القلوب، حاول شاب إنهاء حياة سائق بسيط طمعًا في المال، بعدما طلب منه توصيلة في ساعة متأخرة من الليل، فكافأه بطعنتين نافذتين!\n\n🕐 الوقت: الواحدة صباحًا\n📍 المكان:  محافظة الشرقية\n👤 الضحية: عبد الباقي محمد خيري – سائق ومندوب مبيعات – من قرية كفر عجيبة مركز ههيا\n👤 الجاني: محمد ر. ع – من ضواحي المنسترلي – مركز أبو كبير\n\nتفاصيل الجريمة بدأت حين استوقف الجاني السائق طالبًا توصيلة، فاستجاب له كعادة الطيبين. وما إن خلت بهما الطريق، حتى كشف عن نواياه الخبيثة، وسدد للسائق طعنة في الرقبة وأخرى في البطن، محاولًا قتله وسرقة أمواله وسيارته.\n\nلكن العناية الإلهية كانت حاضرة، فسمع عدد من شباب كفر الغول صرخات الضحية، وهبوا لإنقاذه، وتمكنوا من الإمساك بالجاني وتسليمه للشرطة.\n\n🚨 تم نقل السائق في حالة حرجة للمستشفى، وسط دعوات الأهالي له بالشفاء.\n📝 وتم تحرير المحضر اللازم وعرض المتهم على النيابة العامة.\n\n⚠️ الدرس المؤلم: لا تثق بالغرباء في ساعات متأخرة من الليل.. الطيبون صاروا فريسة سهلة!\n\n📸 الصورة: لحظة تحفظ الأهالي على الجاني بعد القبض عليه.",
    "timestamp":"02\/07\/2025",
    "comments_count":110,
    "reactions_count":606,
    "reshare_count":107,
    "Post ID":1286110972905145,
    "author_id":"pfbid02RZguk9XZxxoDKN1g755L1Z1WNnQZ1zYDiVZcDNMQNpZaK8JqmWFkAbk6TbUyW2hHl",
    "author_name":"Bibo Rock",
    "author_url":"https:\/\/www.facebook.com\/bibo.rock.5",
    "author_profile_picture_url":"https:\/\/scontent.fsgn19-1.fna.fbcdn.net\/v\/t39.30808-1\/330809544_1554879464923451_5777334321359078237_n.jpg?stp=c8.0.529.529a_cp0_dst-jpg_s48x48_tt6&_nc_cat=108&ccb=1-7&_nc_sid=e99d92&_nc_ohc=CIexcCyscCYQ7kNvwG8gFZv&_nc_oc=AdnKaKB2R7nFDxB0OHLWxIVP3t1wtEtbbp-oom3mNrJ_bBU2-yxIS7eIsti0-g7XDig&_nc_zt=24&_nc_ht=scontent.fsgn19-1.fna&_nc_gid=aoEOruNmF80cs7DTEJCw8g&oh=00_AfNS0fcMoK3dYfSe4_81j9tlIZXO6Ngj1OiFJfQnJuibww&oe=686C5A66",
    "reactions_angry":100,
    "reactions_care":2,
    "reactions_haha":0,
    "reactions_like":336,
    "reactions_love":2,
    "reactions_sad":163,
    "reactions_wow":3,
    "predicted_sentiment":"Positive"
  }
]